Stichtag;Schulform;Stadtbezirk;Schulnummer;Schulname;Klasse;Anzahl_SuS
01.10.2022;Realschule;Heepen;100045;Realschule_am_Schlehenweg;5a;29
01.10.2022;Realschule;Heepen;100045;Realschule_am_Schlehenweg;5b;29
01.10.2022;Realschule;Heepen;100045;Realschule_am_Schlehenweg;6a;28
01.10.2022;Realschule;Heepen;100045;Realschule_am_Schlehenweg;6b;29
01.10.2022;Realschule;Heepen;100045;Realschule_am_Schlehenweg;7a;24
01.10.2022;Realschule;Heepen;100045;Realschule_am_Schlehenweg;7b;28
01.10.2022;Realschule;Heepen;100045;Realschule_am_Schlehenweg;8a;28
01.10.2022;Realschule;Heepen;100045;Realschule_am_Schlehenweg;8b;28
01.10.2022;Realschule;Heepen;100045;Realschule_am_Schlehenweg;9a;21
01.10.2022;Realschule;Heepen;100045;Realschule_am_Schlehenweg;9b;25
01.10.2022;Realschule;Heepen;100045;Realschule_am_Schlehenweg;IK1;18
01.10.2022;Realschule;Heepen;100045;Realschule_am_Schlehenweg;IK2;18
01.10.2022;Sekundarschule;Mitte;100046;Sekundarschule_Koenigsbruegge;5a;27
01.10.2022;Sekundarschule;Mitte;100046;Sekundarschule_Koenigsbruegge;5b;25
01.10.2022;Sekundarschule;Mitte;100046;Sekundarschule_Koenigsbruegge;5c;27
01.10.2022;Sekundarschule;Mitte;100046;Sekundarschule_Koenigsbruegge;6a;25
01.10.2022;Sekundarschule;Mitte;100046;Sekundarschule_Koenigsbruegge;6b;23
01.10.2022;Sekundarschule;Mitte;100046;Sekundarschule_Koenigsbruegge;6c;23
01.10.2022;Sekundarschule;Mitte;100046;Sekundarschule_Koenigsbruegge;7a;25
01.10.2022;Sekundarschule;Mitte;100046;Sekundarschule_Koenigsbruegge;7b;23
01.10.2022;Sekundarschule;Mitte;100046;Sekundarschule_Koenigsbruegge;7c;24
01.10.2022;Sekundarschule;Mitte;100046;Sekundarschule_Koenigsbruegge;8a;25
01.10.2022;Sekundarschule;Mitte;100046;Sekundarschule_Koenigsbruegge;8b;23
01.10.2022;Sekundarschule;Mitte;100046;Sekundarschule_Koenigsbruegge;8c;27
01.10.2022;Sekundarschule;Mitte;100046;Sekundarschule_Koenigsbruegge;9a;25
01.10.2022;Sekundarschule;Mitte;100046;Sekundarschule_Koenigsbruegge;9b;25
01.10.2022;Sekundarschule;Mitte;100046;Sekundarschule_Koenigsbruegge;9c;24
01.10.2022;Sekundarschule;Mitte;100046;Sekundarschule_Koenigsbruegge;IK;17
01.10.2022;Sekundarschule;Mitte;100046;Sekundarschule_Koenigsbruegge;IK2;19
01.10.2022;Sekundarschule;Mitte;100046;Sekundarschule_Koenigsbruegge;IK3;6
01.10.2022;Sekundarschule;Schildesche;100047;Sekundarschule_Gellershagen;05a;26
01.10.2022;Sekundarschule;Schildesche;100047;Sekundarschule_Gellershagen;05b;26
01.10.2022;Sekundarschule;Schildesche;100047;Sekundarschule_Gellershagen;05c;26
01.10.2022;Sekundarschule;Schildesche;100047;Sekundarschule_Gellershagen;05d;26
01.10.2022;Sekundarschule;Schildesche;100047;Sekundarschule_Gellershagen;06a;26
01.10.2022;Sekundarschule;Schildesche;100047;Sekundarschule_Gellershagen;06b;26
01.10.2022;Sekundarschule;Schildesche;100047;Sekundarschule_Gellershagen;06c;27
01.10.2022;Sekundarschule;Schildesche;100047;Sekundarschule_Gellershagen;06d;27
01.10.2022;Sekundarschule;Schildesche;100047;Sekundarschule_Gellershagen;07a;27
01.10.2022;Sekundarschule;Schildesche;100047;Sekundarschule_Gellershagen;07b;27
01.10.2022;Sekundarschule;Schildesche;100047;Sekundarschule_Gellershagen;07c;27
01.10.2022;Sekundarschule;Schildesche;100047;Sekundarschule_Gellershagen;08a;26
01.10.2022;Sekundarschule;Schildesche;100047;Sekundarschule_Gellershagen;08b;25
01.10.2022;Sekundarschule;Schildesche;100047;Sekundarschule_Gellershagen;08c;25
01.10.2022;Sekundarschule;Schildesche;100047;Sekundarschule_Gellershagen;09a;26
01.10.2022;Sekundarschule;Schildesche;100047;Sekundarschule_Gellershagen;09b;26
01.10.2022;Sekundarschule;Schildesche;100047;Sekundarschule_Gellershagen;09c;26
01.10.2022;Grundschule;Mitte;124126;Klosterschule;01A;19
01.10.2022;Grundschule;Mitte;124126;Klosterschule;01B;20
01.10.2022;Grundschule;Mitte;124126;Klosterschule;01C;19
01.10.2022;Grundschule;Mitte;124126;Klosterschule;02A;21
01.10.2022;Grundschule;Mitte;124126;Klosterschule;02B;22
01.10.2022;Grundschule;Mitte;124126;Klosterschule;02C;21
01.10.2022;Grundschule;Mitte;124126;Klosterschule;03A;24
01.10.2022;Grundschule;Mitte;124126;Klosterschule;03B;24
01.10.2022;Grundschule;Mitte;124126;Klosterschule;04A;24
01.10.2022;Grundschule;Mitte;124126;Klosterschule;04B;22
01.10.2022;Grundschule;Mitte;124126;Klosterschule;04C;21
01.10.2022;Grundschule;Schildesche;124138;Sudbrackschule;01/02 A;25
01.10.2022;Grundschule;Schildesche;124138;Sudbrackschule;01/02 B;24
01.10.2022;Grundschule;Schildesche;124138;Sudbrackschule;01/02 C;25
01.10.2022;Grundschule;Schildesche;124138;Sudbrackschule;01/02 D;24
01.10.2022;Grundschule;Schildesche;124138;Sudbrackschule;01/02 E;24
01.10.2022;Grundschule;Schildesche;124138;Sudbrackschule;01/02 F;25
01.10.2022;Grundschule;Schildesche;124138;Sudbrackschule;01/02 G;26
01.10.2022;Grundschule;Schildesche;124138;Sudbrackschule;01/02 H;25
01.10.2022;Grundschule;Schildesche;124138;Sudbrackschule;03A;23
01.10.2022;Grundschule;Schildesche;124138;Sudbrackschule;03B;23
01.10.2022;Grundschule;Schildesche;124138;Sudbrackschule;03d;24
01.10.2022;Grundschule;Schildesche;124138;Sudbrackschule;04A;24
01.10.2022;Grundschule;Schildesche;124138;Sudbrackschule;04B;23
01.10.2022;Grundschule;Schildesche;124138;Sudbrackschule;04C;24
01.10.2022;Grundschule;Schildesche;124138;Sudbrackschule;04d;24
01.10.2022;Grundschule;Stieghorst;124151;Osningschule;01A;27
01.10.2022;Grundschule;Stieghorst;124151;Osningschule;01B;26
01.10.2022;Grundschule;Stieghorst;124151;Osningschule;01C;27
01.10.2022;Grundschule;Stieghorst;124151;Osningschule;02A;29
01.10.2022;Grundschule;Stieghorst;124151;Osningschule;02B;29
01.10.2022;Grundschule;Stieghorst;124151;Osningschule;02C;28
01.10.2022;Grundschule;Stieghorst;124151;Osningschule;03A;25
01.10.2022;Grundschule;Stieghorst;124151;Osningschule;03B;26
01.10.2022;Grundschule;Stieghorst;124151;Osningschule;03C;26
01.10.2022;Grundschule;Stieghorst;124151;Osningschule;04A;25
01.10.2022;Grundschule;Stieghorst;124151;Osningschule;04B;22
01.10.2022;Grundschule;Stieghorst;124151;Osningschule;04C;24
01.10.2022;Grundschule;Mitte;124163;Diesterwegschule;01A;25
01.10.2022;Grundschule;Mitte;124163;Diesterwegschule;01B;24
01.10.2022;Grundschule;Mitte;124163;Diesterwegschule;01C;25
01.10.2022;Grundschule;Mitte;124163;Diesterwegschule;02A;29
01.10.2022;Grundschule;Mitte;124163;Diesterwegschule;02B;28
01.10.2022;Grundschule;Mitte;124163;Diesterwegschule;03A;30
01.10.2022;Grundschule;Mitte;124163;Diesterwegschule;03B;27
01.10.2022;Grundschule;Mitte;124163;Diesterwegschule;04A;27
01.10.2022;Grundschule;Mitte;124163;Diesterwegschule;04B;25
01.10.2022;Grundschule;Mitte;124175;Volkeningschule;1a;24
01.10.2022;Grundschule;Mitte;124175;Volkeningschule;1b;25
01.10.2022;Grundschule;Mitte;124175;Volkeningschule;1c;25
01.10.2022;Grundschule;Mitte;124175;Volkeningschule;2a;23
01.10.2022;Grundschule;Mitte;124175;Volkeningschule;2b;26
01.10.2022;Grundschule;Mitte;124175;Volkeningschule;2c;23
01.10.2022;Grundschule;Mitte;124175;Volkeningschule;2d;25
01.10.2022;Grundschule;Mitte;124175;Volkeningschule;3a;22
01.10.2022;Grundschule;Mitte;124175;Volkeningschule;3b;22
01.10.2022;Grundschule;Mitte;124175;Volkeningschule;3c;20
01.10.2022;Grundschule;Mitte;124175;Volkeningschule;4a;24
01.10.2022;Grundschule;Mitte;124175;Volkeningschule;4b;22
01.10.2022;Grundschule;Mitte;124175;Volkeningschule;4c;21
01.10.2022;Grundschule;Mitte;124175;Volkeningschule;4d;19
01.10.2022;Grundschule;Mitte;124175;Volkeningschule;3d;23
01.10.2022;Grundschule;Mitte;124175;Volkeningschule;1d;23
01.10.2022;Grundschule;Schildesche;124187;Eichendorffschule;02E;25
01.10.2022;Grundschule;Schildesche;124187;Eichendorffschule;02F;26
01.10.2022;Grundschule;Schildesche;124187;Eichendorffschule;02G;25
01.10.2022;Grundschule;Schildesche;124187;Eichendorffschule;02H;25
01.10.2022;Grundschule;Schildesche;124187;Eichendorffschule;02I;24
01.10.2022;Grundschule;Schildesche;124187;Eichendorffschule;02K;24
01.10.2022;Grundschule;Schildesche;124187;Eichendorffschule;02L;25
01.10.2022;Grundschule;Schildesche;124187;Eichendorffschule;02M;25
01.10.2022;Grundschule;Schildesche;124187;Eichendorffschule;02O;25
01.10.2022;Grundschule;Schildesche;124187;Eichendorffschule;04A;18
01.10.2022;Grundschule;Schildesche;124187;Eichendorffschule;04B;20
01.10.2022;Grundschule;Schildesche;124187;Eichendorffschule;04C;22
01.10.2022;Grundschule;Dornberg;124199;GSV_Wellensiek_Hoberge_Uerentrup;01A;20
01.10.2022;Grundschule;Dornberg;124199;GSV_Wellensiek_Hoberge_Uerentrup;01B;22
01.10.2022;Grundschule;Dornberg;124199;GSV_Wellensiek_Hoberge_Uerentrup;01C;28
01.10.2022;Grundschule;Dornberg;124199;GSV_Wellensiek_Hoberge_Uerentrup;02A;22
01.10.2022;Grundschule;Dornberg;124199;GSV_Wellensiek_Hoberge_Uerentrup;02B;23
01.10.2022;Grundschule;Dornberg;124199;GSV_Wellensiek_Hoberge_Uerentrup;02C;18
01.10.2022;Grundschule;Dornberg;124199;GSV_Wellensiek_Hoberge_Uerentrup;02D;17
01.10.2022;Grundschule;Dornberg;124199;GSV_Wellensiek_Hoberge_Uerentrup;03A;18
01.10.2022;Grundschule;Dornberg;124199;GSV_Wellensiek_Hoberge_Uerentrup;03B;18
01.10.2022;Grundschule;Dornberg;124199;GSV_Wellensiek_Hoberge_Uerentrup;03C;26
01.10.2022;Grundschule;Dornberg;124199;GSV_Wellensiek_Hoberge_Uerentrup;04A;25
01.10.2022;Grundschule;Dornberg;124199;GSV_Wellensiek_Hoberge_Uerentrup;04C;29
01.10.2022;Grundschule;Mitte;124205;Rußheideschule;1a;27
01.10.2022;Grundschule;Mitte;124205;Rußheideschule;1b;27
01.10.2022;Grundschule;Mitte;124205;Rußheideschule;1c;27
01.10.2022;Grundschule;Mitte;124205;Rußheideschule;2a;25
01.10.2022;Grundschule;Mitte;124205;Rußheideschule;2b;27
01.10.2022;Grundschule;Mitte;124205;Rußheideschule;2c;27
01.10.2022;Grundschule;Mitte;124205;Rußheideschule;2d;23
01.10.2022;Grundschule;Mitte;124205;Rußheideschule;3a;25
01.10.2022;Grundschule;Mitte;124205;Rußheideschule;3b;26
01.10.2022;Grundschule;Mitte;124205;Rußheideschule;3c;24
01.10.2022;Grundschule;Mitte;124205;Rußheideschule;4a;26
01.10.2022;Grundschule;Mitte;124205;Rußheideschule;4b;25
01.10.2022;Grundschule;Mitte;124205;Rußheideschule;4c;27
01.10.2022;Grundschule;Schildesche;124217;Plaßschule;01A;23
01.10.2022;Grundschule;Schildesche;124217;Plaßschule;01B;25
01.10.2022;Grundschule;Schildesche;124217;Plaßschule;01C;23
01.10.2022;Grundschule;Schildesche;124217;Plaßschule;02A;27
01.10.2022;Grundschule;Schildesche;124217;Plaßschule;02B;26
01.10.2022;Grundschule;Schildesche;124217;Plaßschule;02C;27
01.10.2022;Grundschule;Schildesche;124217;Plaßschule;03A;22
01.10.2022;Grundschule;Schildesche;124217;Plaßschule;03B;23
01.10.2022;Grundschule;Schildesche;124217;Plaßschule;03C;23
01.10.2022;Grundschule;Schildesche;124217;Plaßschule;04A;25
01.10.2022;Grundschule;Schildesche;124217;Plaßschule;04B;22
01.10.2022;Grundschule;Schildesche;124217;Plaßschule;04C;23
01.10.2022;Grundschule;Mitte;124229;GSV_noerdliche_Innenstadt_(Hellingskampschule);03C;19
01.10.2022;Grundschule;Mitte;124229;GSV_noerdliche_Innenstadt_(Hellingskampschule);04C;20
01.10.2022;Grundschule;Mitte;124229;GSV_noerdliche_Innenstadt_(Hellingskampschule);3a;24
01.10.2022;Grundschule;Mitte;124229;GSV_noerdliche_Innenstadt_(Hellingskampschule);3b;23
01.10.2022;Grundschule;Mitte;124229;GSV_noerdliche_Innenstadt_(Hellingskampschule);4a;23
01.10.2022;Grundschule;Mitte;124229;GSV_noerdliche_Innenstadt_(Hellingskampschule);4b;21
01.10.2022;Grundschule;Mitte;124229;GSV_noerdliche_Innenstadt_(Hellingskampschule);EA;24
01.10.2022;Grundschule;Mitte;124229;GSV_noerdliche_Innenstadt_(Hellingskampschule);EB;25
01.10.2022;Grundschule;Mitte;124229;GSV_noerdliche_Innenstadt_(Hellingskampschule);EC;24
01.10.2022;Grundschule;Mitte;124229;GSV_noerdliche_Innenstadt_(Hellingskampschule);ED;25
01.10.2022;Grundschule;Mitte;124229;GSV_noerdliche_Innenstadt_(Hellingskampschule);EE;25
01.10.2022;Grundschule;Mitte;124229;GSV_noerdliche_Innenstadt_(Hellingskampschule);EF;25
01.10.2022;Grundschule;Mitte;124229;GSV_noerdliche_Innenstadt_(Hellingskampschule);EG;26
01.10.2022;Grundschule;Mitte;124229;GSV_noerdliche_Innenstadt_(Hellingskampschule);IK;15
01.10.2022;Grundschule;Mitte;124230;Bueckardtschule;1a;19
01.10.2022;Grundschule;Mitte;124230;Bueckardtschule;1b;17
01.10.2022;Grundschule;Mitte;124230;Bueckardtschule;2a;19
01.10.2022;Grundschule;Mitte;124230;Bueckardtschule;2b;18
01.10.2022;Grundschule;Mitte;124230;Bueckardtschule;3a;15
01.10.2022;Grundschule;Mitte;124230;Bueckardtschule;3b;17
01.10.2022;Grundschule;Mitte;124230;Bueckardtschule;4a;20
01.10.2022;Grundschule;Mitte;124230;Bueckardtschule;4b;20
01.10.2022;Grundschule;Mitte;124230;Bueckardtschule;IK1;15
01.10.2022;Grundschule;Mitte;124230;Bueckardtschule;IK2;15
01.10.2022;Grundschule;Heepen;124242;Wellbachschule;01A;24
01.10.2022;Grundschule;Heepen;124242;Wellbachschule;01B;24
01.10.2022;Grundschule;Heepen;124242;Wellbachschule;01C;23
01.10.2022;Grundschule;Heepen;124242;Wellbachschule;02A;25
01.10.2022;Grundschule;Heepen;124242;Wellbachschule;02B;25
01.10.2022;Grundschule;Heepen;124242;Wellbachschule;02C;24
01.10.2022;Grundschule;Heepen;124242;Wellbachschule;02D;24
01.10.2022;Grundschule;Heepen;124242;Wellbachschule;03A;21
01.10.2022;Grundschule;Heepen;124242;Wellbachschule;03B;20
01.10.2022;Grundschule;Heepen;124242;Wellbachschule;03C;20
01.10.2022;Grundschule;Heepen;124242;Wellbachschule;04A;28
01.10.2022;Grundschule;Heepen;124242;Wellbachschule;04B;28
01.10.2022;Grundschule;Heepen;124242;Wellbachschule;04C;27
01.10.2022;Grundschule;Gadderbaum;124254;Martinschule;01A;20
01.10.2022;Grundschule;Gadderbaum;124254;Martinschule;01B;19
01.10.2022;Grundschule;Gadderbaum;124254;Martinschule;01C;22
01.10.2022;Grundschule;Gadderbaum;124254;Martinschule;01D;21
01.10.2022;Grundschule;Gadderbaum;124254;Martinschule;02A;25
01.10.2022;Grundschule;Gadderbaum;124254;Martinschule;02B;22
01.10.2022;Grundschule;Gadderbaum;124254;Martinschule;02C;24
01.10.2022;Grundschule;Gadderbaum;124254;Martinschule;02D;24
01.10.2022;Grundschule;Gadderbaum;124254;Martinschule;03A;23
01.10.2022;Grundschule;Gadderbaum;124254;Martinschule;03B;24
01.10.2022;Grundschule;Gadderbaum;124254;Martinschule;03C;22
01.10.2022;Grundschule;Gadderbaum;124254;Martinschule;03d;23
01.10.2022;Grundschule;Gadderbaum;124254;Martinschule;04A;23
01.10.2022;Grundschule;Gadderbaum;124254;Martinschule;04B;24
01.10.2022;Grundschule;Gadderbaum;124254;Martinschule;04C;23
01.10.2022;Grundschule;Gadderbaum;124254;Martinschule;04d;24
01.10.2022;Grundschule;Stieghorst;124266;Stieghorstschule;03A;24
01.10.2022;Grundschule;Stieghorst;124266;Stieghorstschule;03B;24
01.10.2022;Grundschule;Stieghorst;124266;Stieghorstschule;03C;22
01.10.2022;Grundschule;Stieghorst;124266;Stieghorstschule;04A;28
01.10.2022;Grundschule;Stieghorst;124266;Stieghorstschule;04B;29
01.10.2022;Grundschule;Stieghorst;124266;Stieghorstschule;JUA;25
01.10.2022;Grundschule;Stieghorst;124266;Stieghorstschule;JUB;25
01.10.2022;Grundschule;Stieghorst;124266;Stieghorstschule;JUC;25
01.10.2022;Grundschule;Stieghorst;124266;Stieghorstschule;JUD;25
01.10.2022;Grundschule;Stieghorst;124266;Stieghorstschule;JUE;25
01.10.2022;Grundschule;Stieghorst;124266;Stieghorstschule;JUF;25
01.10.2022;Grundschule;Stieghorst;124266;Stieghorstschule;JUG;24
01.10.2022;Grundschule;Mitte;124278;Froebelschule;01A;24
01.10.2022;Grundschule;Mitte;124278;Froebelschule;01B;27
01.10.2022;Grundschule;Mitte;124278;Froebelschule;01C;24
01.10.2022;Grundschule;Mitte;124278;Froebelschule;01D;24
01.10.2022;Grundschule;Mitte;124278;Froebelschule;02A;27
01.10.2022;Grundschule;Mitte;124278;Froebelschule;02B;26
01.10.2022;Grundschule;Mitte;124278;Froebelschule;02C;27
01.10.2022;Grundschule;Mitte;124278;Froebelschule;02D;26
01.10.2022;Grundschule;Mitte;124278;Froebelschule;03A;26
01.10.2022;Grundschule;Mitte;124278;Froebelschule;03B;24
01.10.2022;Grundschule;Mitte;124278;Froebelschule;03C;25
01.10.2022;Grundschule;Mitte;124278;Froebelschule;04A;24
01.10.2022;Grundschule;Mitte;124278;Froebelschule;04B;25
01.10.2022;Grundschule;Mitte;124278;Froebelschule;04C;23
01.10.2022;Grundschule;Mitte;124280;Stapenhorstschule;01A;25
01.10.2022;Grundschule;Mitte;124280;Stapenhorstschule;01B;24
01.10.2022;Grundschule;Mitte;124280;Stapenhorstschule;01C;25
01.10.2022;Grundschule;Mitte;124280;Stapenhorstschule;02A;23
01.10.2022;Grundschule;Mitte;124280;Stapenhorstschule;02B;24
01.10.2022;Grundschule;Mitte;124280;Stapenhorstschule;02C;22
01.10.2022;Grundschule;Mitte;124280;Stapenhorstschule;03A;24
01.10.2022;Grundschule;Mitte;124280;Stapenhorstschule;03B;23
01.10.2022;Grundschule;Mitte;124280;Stapenhorstschule;03C;24
01.10.2022;Grundschule;Mitte;124280;Stapenhorstschule;04A;26
01.10.2022;Grundschule;Mitte;124280;Stapenhorstschule;04B;27
01.10.2022;Grundschule;Mitte;124280;Stapenhorstschule;04C;27
01.10.2022;Grundschule;Schildesche;124291;Stiftsschule;01A;26
01.10.2022;Grundschule;Schildesche;124291;Stiftsschule;01B;26
01.10.2022;Grundschule;Schildesche;124291;Stiftsschule;01C;27
01.10.2022;Grundschule;Schildesche;124291;Stiftsschule;02A;28
01.10.2022;Grundschule;Schildesche;124291;Stiftsschule;02B;29
01.10.2022;Grundschule;Schildesche;124291;Stiftsschule;02C;28
01.10.2022;Grundschule;Schildesche;124291;Stiftsschule;03A;26
01.10.2022;Grundschule;Schildesche;124291;Stiftsschule;03B;23
01.10.2022;Grundschule;Schildesche;124291;Stiftsschule;04A;23
01.10.2022;Grundschule;Schildesche;124291;Stiftsschule;04B;26
01.10.2022;Grundschule;Schildesche;124291;Stiftsschule;04C;25
01.10.2022;Grundschule;Brackwede;124308;Froelenbergschule;1a;25
01.10.2022;Grundschule;Brackwede;124308;Froelenbergschule;1b;24
01.10.2022;Grundschule;Brackwede;124308;Froelenbergschule;2a;26
01.10.2022;Grundschule;Brackwede;124308;Froelenbergschule;2b;19
01.10.2022;Grundschule;Brackwede;124308;Froelenbergschule;3a;24
01.10.2022;Grundschule;Brackwede;124308;Froelenbergschule;3b;24
01.10.2022;Grundschule;Brackwede;124308;Froelenbergschule;4a;24
01.10.2022;Grundschule;Brackwede;124308;Froelenbergschule;4b;24
01.10.2022;Grundschule;Brackwede;124310;Vogelruthschule;01A;25
01.10.2022;Grundschule;Brackwede;124310;Vogelruthschule;01B;25
01.10.2022;Grundschule;Brackwede;124310;Vogelruthschule;02A;20
01.10.2022;Grundschule;Brackwede;124310;Vogelruthschule;02B;22
01.10.2022;Grundschule;Brackwede;124310;Vogelruthschule;02C;22
01.10.2022;Grundschule;Brackwede;124310;Vogelruthschule;03A;19
01.10.2022;Grundschule;Brackwede;124310;Vogelruthschule;03B;18
01.10.2022;Grundschule;Brackwede;124310;Vogelruthschule;03C;18
01.10.2022;Grundschule;Brackwede;124310;Vogelruthschule;04A;18
01.10.2022;Grundschule;Brackwede;124310;Vogelruthschule;04B;20
01.10.2022;Grundschule;Brackwede;124310;Vogelruthschule;04C;16
01.10.2022;Grundschule;Brackwede;124321;Brocker Schule;1a;19
01.10.2022;Grundschule;Brackwede;124321;Brocker Schule;1b;20
01.10.2022;Grundschule;Brackwede;124321;Brocker Schule;2a;16
01.10.2022;Grundschule;Brackwede;124321;Brocker Schule;2b;16
01.10.2022;Grundschule;Brackwede;124321;Brocker Schule;3a;29
01.10.2022;Grundschule;Brackwede;124321;Brocker Schule;4a;19
01.10.2022;Grundschule;Brackwede;124333;Queller_Schule;01A;24
01.10.2022;Grundschule;Brackwede;124333;Queller_Schule;01B;23
01.10.2022;Grundschule;Brackwede;124333;Queller_Schule;01C;22
01.10.2022;Grundschule;Brackwede;124333;Queller_Schule;01D;23
01.10.2022;Grundschule;Brackwede;124333;Queller_Schule;02A;25
01.10.2022;Grundschule;Brackwede;124333;Queller_Schule;02B;25
01.10.2022;Grundschule;Brackwede;124333;Queller_Schule;02C;24
01.10.2022;Grundschule;Brackwede;124333;Queller_Schule;02D;25
01.10.2022;Grundschule;Brackwede;124333;Queller_Schule;03A;25
01.10.2022;Grundschule;Brackwede;124333;Queller_Schule;03B;25
01.10.2022;Grundschule;Brackwede;124333;Queller_Schule;03C;25
01.10.2022;Grundschule;Brackwede;124333;Queller_Schule;04A;24
01.10.2022;Grundschule;Brackwede;124333;Queller_Schule;04B;24
01.10.2022;Grundschule;Brackwede;124333;Queller_Schule;04C;24
01.10.2022;Grundschule;Brackwede;124345;Grundschule_Ummeln;01A;28
01.10.2022;Grundschule;Brackwede;124345;Grundschule_Ummeln;01B;27
01.10.2022;Grundschule;Brackwede;124345;Grundschule_Ummeln;01C;27
01.10.2022;Grundschule;Brackwede;124345;Grundschule_Ummeln;02A;21
01.10.2022;Grundschule;Brackwede;124345;Grundschule_Ummeln;02B;21
01.10.2022;Grundschule;Brackwede;124345;Grundschule_Ummeln;02C;21
01.10.2022;Grundschule;Brackwede;124345;Grundschule_Ummeln;03A;23
01.10.2022;Grundschule;Brackwede;124345;Grundschule_Ummeln;03B;23
01.10.2022;Grundschule;Brackwede;124345;Grundschule_Ummeln;03C;23
01.10.2022;Grundschule;Brackwede;124345;Grundschule_Ummeln;04A;21
01.10.2022;Grundschule;Brackwede;124345;Grundschule_Ummeln;04B;21
01.10.2022;Grundschule;Brackwede;124345;Grundschule_Ummeln;04C;21
01.10.2022;Grundschule;Brackwede;124357;Suedschule;01A;25
01.10.2022;Grundschule;Brackwede;124357;Suedschule;01B;26
01.10.2022;Grundschule;Brackwede;124357;Suedschule;02A;22
01.10.2022;Grundschule;Brackwede;124357;Suedschule;02B;23
01.10.2022;Grundschule;Brackwede;124357;Suedschule;03A;20
01.10.2022;Grundschule;Brackwede;124357;Suedschule;03B;23
01.10.2022;Grundschule;Brackwede;124357;Suedschule;04A;17
01.10.2022;Grundschule;Brackwede;124357;Suedschule;04B;21
01.10.2022;Grundschule;Brackwede;124357;Suedschule;04C;18
01.10.2022;Grundschule;Senne;124394;Bahnhofschule;01A;26
01.10.2022;Grundschule;Senne;124394;Bahnhofschule;01B;27
01.10.2022;Grundschule;Senne;124394;Bahnhofschule;01C;27
01.10.2022;Grundschule;Senne;124394;Bahnhofschule;02A;26
01.10.2022;Grundschule;Senne;124394;Bahnhofschule;02B;27
01.10.2022;Grundschule;Senne;124394;Bahnhofschule;02C;26
01.10.2022;Grundschule;Senne;124394;Bahnhofschule;02D;28
01.10.2022;Grundschule;Senne;124394;Bahnhofschule;03A;22
01.10.2022;Grundschule;Senne;124394;Bahnhofschule;03B;23
01.10.2022;Grundschule;Senne;124394;Bahnhofschule;03C;23
01.10.2022;Grundschule;Senne;124394;Bahnhofschule;04A;23
01.10.2022;Grundschule;Senne;124394;Bahnhofschule;04B;22
01.10.2022;Grundschule;Senne;124394;Bahnhofschule;04C;22
01.10.2022;Grundschule;Senne;124400;Grundschule_Windfloete;01A;23
01.10.2022;Grundschule;Senne;124400;Grundschule_Windfloete;01B;23
01.10.2022;Grundschule;Senne;124400;Grundschule_Windfloete;02A;19
01.10.2022;Grundschule;Senne;124400;Grundschule_Windfloete;02B;19
01.10.2022;Grundschule;Senne;124400;Grundschule_Windfloete;03A;20
01.10.2022;Grundschule;Senne;124400;Grundschule_Windfloete;03B;19
01.10.2022;Grundschule;Senne;124400;Grundschule_Windfloete;04A;17
01.10.2022;Grundschule;Senne;124400;Grundschule_Windfloete;04B;17
01.10.2022;Grundschule;Senne;124412;Buschkampschule;01A;26
01.10.2022;Grundschule;Senne;124412;Buschkampschule;01B;26
01.10.2022;Grundschule;Senne;124412;Buschkampschule;01C;26
01.10.2022;Grundschule;Senne;124412;Buschkampschule;02A;31
01.10.2022;Grundschule;Senne;124412;Buschkampschule;02B;30
01.10.2022;Grundschule;Senne;124412;Buschkampschule;02C;31
01.10.2022;Grundschule;Senne;124412;Buschkampschule;03A;25
01.10.2022;Grundschule;Senne;124412;Buschkampschule;03B;28
01.10.2022;Grundschule;Senne;124412;Buschkampschule;04A;25
01.10.2022;Grundschule;Senne;124412;Buschkampschule;04B;26
01.10.2022;Grundschule;Senne;124412;Buschkampschule;04C;25
01.10.2022;Grundschule;Sennestadt;124424;Brueder_Grimm_Schule;01A;22
01.10.2022;Grundschule;Sennestadt;124424;Brueder_Grimm_Schule;01B;24
01.10.2022;Grundschule;Sennestadt;124424;Brueder_Grimm_Schule;01C;22
01.10.2022;Grundschule;Sennestadt;124424;Brueder_Grimm_Schule;02A;23
01.10.2022;Grundschule;Sennestadt;124424;Brueder_Grimm_Schule;02B;27
01.10.2022;Grundschule;Sennestadt;124424;Brueder_Grimm_Schule;02C;26
01.10.2022;Grundschule;Sennestadt;124424;Brueder_Grimm_Schule;03A;26
01.10.2022;Grundschule;Sennestadt;124424;Brueder_Grimm_Schule;03B;25
01.10.2022;Grundschule;Sennestadt;124424;Brueder_Grimm_Schule;03C;25
01.10.2022;Grundschule;Sennestadt;124424;Brueder_Grimm_Schule;04A;23
01.10.2022;Grundschule;Sennestadt;124424;Brueder_Grimm_Schule;04B;21
01.10.2022;Grundschule;Sennestadt;124436;Hans_Christian_Andersen_Schule;01A;26
01.10.2022;Grundschule;Sennestadt;124436;Hans_Christian_Andersen_Schule;01B;27
01.10.2022;Grundschule;Sennestadt;124436;Hans_Christian_Andersen_Schule;01C;25
01.10.2022;Grundschule;Sennestadt;124436;Hans_Christian_Andersen_Schule;01D;26
01.10.2022;Grundschule;Sennestadt;124436;Hans_Christian_Andersen_Schule;02A;27
01.10.2022;Grundschule;Sennestadt;124436;Hans_Christian_Andersen_Schule;02B;27
01.10.2022;Grundschule;Sennestadt;124436;Hans_Christian_Andersen_Schule;02C;27
01.10.2022;Grundschule;Sennestadt;124436;Hans_Christian_Andersen_Schule;03A;28
01.10.2022;Grundschule;Sennestadt;124436;Hans_Christian_Andersen_Schule;03B;27
01.10.2022;Grundschule;Sennestadt;124436;Hans_Christian_Andersen_Schule;03C;26
01.10.2022;Grundschule;Sennestadt;124436;Hans_Christian_Andersen_Schule;04A;26
01.10.2022;Grundschule;Sennestadt;124436;Hans_Christian_Andersen_Schule;04B;26
01.10.2022;Grundschule;Sennestadt;124436;Hans_Christian_Andersen_Schule;04C;25
01.10.2022;Grundschule;Sennestadt;124436;Hans_Christian_Andersen_Schule;04d;27
01.10.2022;Grundschule;Sennestadt;124448;Astrid_Lindgren_Schule;1/2a;25
01.10.2022;Grundschule;Sennestadt;124448;Astrid_Lindgren_Schule;1/2b;25
01.10.2022;Grundschule;Sennestadt;124448;Astrid_Lindgren_Schule;1/2c;26
01.10.2022;Grundschule;Sennestadt;124448;Astrid_Lindgren_Schule;1/2d;25
01.10.2022;Grundschule;Sennestadt;124448;Astrid_Lindgren_Schule;1/2e;24
01.10.2022;Grundschule;Sennestadt;124448;Astrid_Lindgren_Schule;1/2f;25
01.10.2022;Grundschule;Sennestadt;124448;Astrid_Lindgren_Schule;3a;27
01.10.2022;Grundschule;Sennestadt;124448;Astrid_Lindgren_Schule;3b;28
01.10.2022;Grundschule;Sennestadt;124448;Astrid_Lindgren_Schule;3c;27
01.10.2022;Grundschule;Sennestadt;124448;Astrid_Lindgren_Schule;4a;24
01.10.2022;Grundschule;Sennestadt;124448;Astrid_Lindgren_Schule;4b;24
01.10.2022;Grundschule;Sennestadt;124448;Astrid_Lindgren_Schule;4c;23
01.10.2022;Grundschule;Dornberg;124450;Grundschule_Babenhausen;01/2a;24
01.10.2022;Grundschule;Dornberg;124450;Grundschule_Babenhausen;01/2b;23
01.10.2022;Grundschule;Dornberg;124450;Grundschule_Babenhausen;01/2c;25
01.10.2022;Grundschule;Dornberg;124450;Grundschule_Babenhausen;01/2d;24
01.10.2022;Grundschule;Dornberg;124450;Grundschule_Babenhausen;03A;24
01.10.2022;Grundschule;Dornberg;124450;Grundschule_Babenhausen;03B;24
01.10.2022;Grundschule;Dornberg;124450;Grundschule_Babenhausen;04A;22
01.10.2022;Grundschule;Dornberg;124450;Grundschule_Babenhausen;04B;21
01.10.2022;Grundschule;Dornberg;124461;GSV_Dornberg_Schroettinghausen;01A;24
01.10.2022;Grundschule;Dornberg;124461;GSV_Dornberg_Schroettinghausen;01B;24
01.10.2022;Grundschule;Dornberg;124461;GSV_Dornberg_Schroettinghausen;01C;18
01.10.2022;Grundschule;Dornberg;124461;GSV_Dornberg_Schroettinghausen;02A;27
01.10.2022;Grundschule;Dornberg;124461;GSV_Dornberg_Schroettinghausen;02B;27
01.10.2022;Grundschule;Dornberg;124461;GSV_Dornberg_Schroettinghausen;02C;25
01.10.2022;Grundschule;Dornberg;124461;GSV_Dornberg_Schroettinghausen;03A;21
01.10.2022;Grundschule;Dornberg;124461;GSV_Dornberg_Schroettinghausen;03B;20
01.10.2022;Grundschule;Dornberg;124461;GSV_Dornberg_Schroettinghausen;03C;22
01.10.2022;Grundschule;Dornberg;124461;GSV_Dornberg_Schroettinghausen;04A;21
01.10.2022;Grundschule;Dornberg;124461;GSV_Dornberg_Schroettinghausen;04B;22
01.10.2022;Grundschule;Dornberg;124461;GSV_Dornberg_Schroettinghausen;04C;23
01.10.2022;Grundschule;Heepen;124497;Grundschule_Altenhagen;1a;25
01.10.2022;Grundschule;Heepen;124497;Grundschule_Altenhagen;1b;24
01.10.2022;Grundschule;Heepen;124497;Grundschule_Altenhagen;2a;26
01.10.2022;Grundschule;Heepen;124497;Grundschule_Altenhagen;2b;26
01.10.2022;Grundschule;Heepen;124497;Grundschule_Altenhagen;3a;24
01.10.2022;Grundschule;Heepen;124497;Grundschule_Altenhagen;3b;25
01.10.2022;Grundschule;Heepen;124497;Grundschule_Altenhagen;4a;24
01.10.2022;Grundschule;Heepen;124497;Grundschule_Altenhagen;4b;24
01.10.2022;Grundschule;Heepen;124503;Grundschule_Brake;01A;22
01.10.2022;Grundschule;Heepen;124503;Grundschule_Brake;01B;24
01.10.2022;Grundschule;Heepen;124503;Grundschule_Brake;01C;25
01.10.2022;Grundschule;Heepen;124503;Grundschule_Brake;01D;22
01.10.2022;Grundschule;Heepen;124503;Grundschule_Brake;02A;21
01.10.2022;Grundschule;Heepen;124503;Grundschule_Brake;02B;22
01.10.2022;Grundschule;Heepen;124503;Grundschule_Brake;02C;21
01.10.2022;Grundschule;Heepen;124503;Grundschule_Brake;02D;22
01.10.2022;Grundschule;Heepen;124503;Grundschule_Brake;03A;25
01.10.2022;Grundschule;Heepen;124503;Grundschule_Brake;03B;23
01.10.2022;Grundschule;Heepen;124503;Grundschule_Brake;03C;23
01.10.2022;Grundschule;Heepen;124503;Grundschule_Brake;03d;24
01.10.2022;Grundschule;Heepen;124503;Grundschule_Brake;04A;22
01.10.2022;Grundschule;Heepen;124503;Grundschule_Brake;04B;22
01.10.2022;Grundschule;Heepen;124503;Grundschule_Brake;04C;22
01.10.2022;Grundschule;Heepen;124503;Grundschule_Brake;04d;22
01.10.2022;Grundschule;Heepen;124515;Grundschule_Am_Homersen;01A;24
01.10.2022;Grundschule;Heepen;124515;Grundschule_Am_Homersen;01B;26
01.10.2022;Grundschule;Heepen;124515;Grundschule_Am_Homersen;01C;26
01.10.2022;Grundschule;Heepen;124515;Grundschule_Am_Homersen;02A;26
01.10.2022;Grundschule;Heepen;124515;Grundschule_Am_Homersen;02B;27
01.10.2022;Grundschule;Heepen;124515;Grundschule_Am_Homersen;02C;28
01.10.2022;Grundschule;Heepen;124515;Grundschule_Am_Homersen;03A;26
01.10.2022;Grundschule;Heepen;124515;Grundschule_Am_Homersen;03B;26
01.10.2022;Grundschule;Heepen;124515;Grundschule_Am_Homersen;03C;27
01.10.2022;Grundschule;Heepen;124515;Grundschule_Am_Homersen;04A;24
01.10.2022;Grundschule;Heepen;124515;Grundschule_Am_Homersen;04B;27
01.10.2022;Grundschule;Heepen;124515;Grundschule_Am_Homersen;04C;27
01.10.2022;Grundschule;Heepen;124527;Grundschule_Heeperholz;3a;29
01.10.2022;Grundschule;Heepen;124527;Grundschule_Heeperholz;3b;27
01.10.2022;Grundschule;Heepen;124527;Grundschule_Heeperholz;4a;29
01.10.2022;Grundschule;Heepen;124527;Grundschule_Heeperholz;4b;28
01.10.2022;Grundschule;Heepen;124527;Grundschule_Heeperholz;E1;25
01.10.2022;Grundschule;Heepen;124527;Grundschule_Heeperholz;E2;23
01.10.2022;Grundschule;Heepen;124527;Grundschule_Heeperholz;E3;24
01.10.2022;Grundschule;Heepen;124527;Grundschule_Heeperholz;E4;24
01.10.2022;Grundschule;Heepen;124527;Grundschule_Heeperholz;E5;23
01.10.2022;Grundschule;Stieghorst;124539;Grundschule_Hillegossen;1/2a;26
01.10.2022;Grundschule;Stieghorst;124539;Grundschule_Hillegossen;1/2b;26
01.10.2022;Grundschule;Stieghorst;124539;Grundschule_Hillegossen;1/2c;26
01.10.2022;Grundschule;Stieghorst;124539;Grundschule_Hillegossen;1/2d;25
01.10.2022;Grundschule;Stieghorst;124539;Grundschule_Hillegossen;3a;27
01.10.2022;Grundschule;Stieghorst;124539;Grundschule_Hillegossen;3b;26
01.10.2022;Grundschule;Stieghorst;124539;Grundschule_Hillegossen;4a;22
01.10.2022;Grundschule;Stieghorst;124539;Grundschule_Hillegossen;4b;22
01.10.2022;Grundschule;Heepen;124540;Grundschule_Milse;01A;26
01.10.2022;Grundschule;Heepen;124540;Grundschule_Milse;01B;27
01.10.2022;Grundschule;Heepen;124540;Grundschule_Milse;01C;27
01.10.2022;Grundschule;Heepen;124540;Grundschule_Milse;02A;23
01.10.2022;Grundschule;Heepen;124540;Grundschule_Milse;02B;22
01.10.2022;Grundschule;Heepen;124540;Grundschule_Milse;02C;25
01.10.2022;Grundschule;Heepen;124540;Grundschule_Milse;03A;22
01.10.2022;Grundschule;Heepen;124540;Grundschule_Milse;03B;21
01.10.2022;Grundschule;Heepen;124540;Grundschule_Milse;03C;21
01.10.2022;Grundschule;Heepen;124540;Grundschule_Milse;04A;22
01.10.2022;Grundschule;Heepen;124540;Grundschule_Milse;04B;21
01.10.2022;Grundschule;Heepen;124540;Grundschule_Milse;04C;21
01.10.2022;Grundschule;Heepen;124552;Grundschule_Oldentrup;01A;25
01.10.2022;Grundschule;Heepen;124552;Grundschule_Oldentrup;01B;25
01.10.2022;Grundschule;Heepen;124552;Grundschule_Oldentrup;02A;28
01.10.2022;Grundschule;Heepen;124552;Grundschule_Oldentrup;02B;26
01.10.2022;Grundschule;Heepen;124552;Grundschule_Oldentrup;03A;23
01.10.2022;Grundschule;Heepen;124552;Grundschule_Oldentrup;03B;23
01.10.2022;Grundschule;Heepen;124552;Grundschule_Oldentrup;04A;22
01.10.2022;Grundschule;Heepen;124552;Grundschule_Oldentrup;04B;21
01.10.2022;Grundschule;Stieghorst;124564;Grundschule_Ubbedissen;1a;29
01.10.2022;Grundschule;Stieghorst;124564;Grundschule_Ubbedissen;1b;28
01.10.2022;Grundschule;Stieghorst;124564;Grundschule_Ubbedissen;1c;29
01.10.2022;Grundschule;Stieghorst;124564;Grundschule_Ubbedissen;2a;29
01.10.2022;Grundschule;Stieghorst;124564;Grundschule_Ubbedissen;2b;28
01.10.2022;Grundschule;Stieghorst;124564;Grundschule_Ubbedissen;2c;28
01.10.2022;Grundschule;Stieghorst;124564;Grundschule_Ubbedissen;3a;26
01.10.2022;Grundschule;Stieghorst;124564;Grundschule_Ubbedissen;3b;24
01.10.2022;Grundschule;Stieghorst;124564;Grundschule_Ubbedissen;3c;25
01.10.2022;Grundschule;Stieghorst;124564;Grundschule_Ubbedissen;4a;24
01.10.2022;Grundschule;Stieghorst;124564;Grundschule_Ubbedissen;4b;26
01.10.2022;Grundschule;Stieghorst;124564;Grundschule_Ubbedissen;4c;22
01.10.2022;Grundschule;Joellenbeck;124576;Grundschule_Dreekerheide;01A;25
01.10.2022;Grundschule;Joellenbeck;124576;Grundschule_Dreekerheide;01B;25
01.10.2022;Grundschule;Joellenbeck;124576;Grundschule_Dreekerheide;01C;24
01.10.2022;Grundschule;Joellenbeck;124576;Grundschule_Dreekerheide;02A;25
01.10.2022;Grundschule;Joellenbeck;124576;Grundschule_Dreekerheide;02B;26
01.10.2022;Grundschule;Joellenbeck;124576;Grundschule_Dreekerheide;02C;25
01.10.2022;Grundschule;Joellenbeck;124576;Grundschule_Dreekerheide;03A;25
01.10.2022;Grundschule;Joellenbeck;124576;Grundschule_Dreekerheide;03B;22
01.10.2022;Grundschule;Joellenbeck;124576;Grundschule_Dreekerheide;03C;25
01.10.2022;Grundschule;Joellenbeck;124576;Grundschule_Dreekerheide;04A;21
01.10.2022;Grundschule;Joellenbeck;124576;Grundschule_Dreekerheide;04B;26
01.10.2022;Grundschule;Joellenbeck;124576;Grundschule_Dreekerheide;04C;25
01.10.2022;Grundschule;Joellenbeck;124588;Grundschule_Theesen;01A;22
01.10.2022;Grundschule;Joellenbeck;124588;Grundschule_Theesen;01B;23
01.10.2022;Grundschule;Joellenbeck;124588;Grundschule_Theesen;01C;22
01.10.2022;Grundschule;Joellenbeck;124588;Grundschule_Theesen;02A;27
01.10.2022;Grundschule;Joellenbeck;124588;Grundschule_Theesen;02B;26
01.10.2022;Grundschule;Joellenbeck;124588;Grundschule_Theesen;03A;30
01.10.2022;Grundschule;Joellenbeck;124588;Grundschule_Theesen;03B;29
01.10.2022;Grundschule;Joellenbeck;124588;Grundschule_Theesen;04A;28
01.10.2022;Grundschule;Joellenbeck;124588;Grundschule_Theesen;04B;27
01.10.2022;Grundschule;Joellenbeck;124590;Grundschule_Vilsendorf;01A;21
01.10.2022;Grundschule;Joellenbeck;124590;Grundschule_Vilsendorf;01B;19
01.10.2022;Grundschule;Joellenbeck;124590;Grundschule_Vilsendorf;02A;27
01.10.2022;Grundschule;Joellenbeck;124590;Grundschule_Vilsendorf;02B;27
01.10.2022;Grundschule;Joellenbeck;124590;Grundschule_Vilsendorf;03A;20
01.10.2022;Grundschule;Joellenbeck;124590;Grundschule_Vilsendorf;03B;19
01.10.2022;Grundschule;Joellenbeck;124590;Grundschule_Vilsendorf;04A;17
01.10.2022;Grundschule;Joellenbeck;124590;Grundschule_Vilsendorf;04B;19
01.10.2022;Foerderschule G/H;Heepen;156530;Ernst_Hansen_Schule;1;7
01.10.2022;Foerderschule G/H;Heepen;156530;Ernst_Hansen_Schule;2;11
01.10.2022;Foerderschule G/H;Heepen;156530;Ernst_Hansen_Schule;3;13
01.10.2022;Foerderschule G/H;Heepen;156530;Ernst_Hansen_Schule;5;14
01.10.2022;Foerderschule G/H;Heepen;156530;Ernst_Hansen_Schule;6;18
01.10.2022;Foerderschule G/H;Heepen;156530;Ernst_Hansen_Schule;8;15
01.10.2022;Foerderschule G/H;Heepen;156530;Ernst_Hansen_Schule;9;17
01.10.2022;Foerderschule G/H;Heepen;156530;Ernst_Hansen_Schule;10;16
01.10.2022;Foerderschule G/H;Heepen;156530;Ernst_Hansen_Schule;4a;13
01.10.2022;Foerderschule G/H;Heepen;156530;Ernst_Hansen_Schule;4b;9
01.10.2022;Foerderschule G/H;Heepen;156530;Ernst_Hansen_Schule;7a;16
01.10.2022;Foerderschule G/H;Heepen;156530;Ernst_Hansen_Schule;7b;15
01.10.2022;Foerderschule G/H;Schildesche;156541;Verbundschule_Hamfeld_Kupferhammer;10d;12
01.10.2022;Foerderschule G/H;Schildesche;156541;Verbundschule_Hamfeld_Kupferhammer;F1;10
01.10.2022;Foerderschule G/H;Schildesche;156541;Verbundschule_Hamfeld_Kupferhammer;F2;12
01.10.2022;Foerderschule G/H;Schildesche;156541;Verbundschule_Hamfeld_Kupferhammer;F3;13
01.10.2022;Foerderschule G/H;Schildesche;156541;Verbundschule_Hamfeld_Kupferhammer;F4;9
01.10.2022;Foerderschule G/H;Schildesche;156541;Verbundschule_Hamfeld_Kupferhammer;M1;12
01.10.2022;Foerderschule G/H;Schildesche;156541;Verbundschule_Hamfeld_Kupferhammer;M2;11
01.10.2022;Foerderschule G/H;Schildesche;156541;Verbundschule_Hamfeld_Kupferhammer;M3;10
01.10.2022;Foerderschule G/H;Schildesche;156541;Verbundschule_Hamfeld_Kupferhammer;M4;12
01.10.2022;Foerderschule G/H;Schildesche;156541;Verbundschule_Hamfeld_Kupferhammer;M5;11
01.10.2022;Foerderschule G/H;Schildesche;156541;Verbundschule_Hamfeld_Kupferhammer;O1;13
01.10.2022;Foerderschule G/H;Schildesche;156541;Verbundschule_Hamfeld_Kupferhammer;O2;15
01.10.2022;Foerderschule G/H;Schildesche;156541;Verbundschule_Hamfeld_Kupferhammer;O3;13
01.10.2022;Foerderschule G/H;Schildesche;156541;Verbundschule_Hamfeld_Kupferhammer;O4;12
01.10.2022;Foerderschule G/H;Schildesche;156541;Verbundschule_Hamfeld_Kupferhammer;O5;14
01.10.2022;Foerderschule G/H;Schildesche;156541;Verbundschule_Hamfeld_Kupferhammer;O6;13
01.10.2022;Foerderschule G/H;Schildesche;156541;Verbundschule_Hamfeld_Kupferhammer;O7;12
01.10.2022;Realschule;Mitte;161974;Luisenschule;05a;27
01.10.2022;Realschule;Mitte;161974;Luisenschule;05b;28
01.10.2022;Realschule;Mitte;161974;Luisenschule;05c;27
01.10.2022;Realschule;Mitte;161974;Luisenschule;05d;27
01.10.2022;Realschule;Mitte;161974;Luisenschule;05E;27
01.10.2022;Realschule;Mitte;161974;Luisenschule;06a;27
01.10.2022;Realschule;Mitte;161974;Luisenschule;06b;28
01.10.2022;Realschule;Mitte;161974;Luisenschule;06c;28
01.10.2022;Realschule;Mitte;161974;Luisenschule;06d;28
01.10.2022;Realschule;Mitte;161974;Luisenschule;06E;28
01.10.2022;Realschule;Mitte;161974;Luisenschule;07a;28
01.10.2022;Realschule;Mitte;161974;Luisenschule;07b;28
01.10.2022;Realschule;Mitte;161974;Luisenschule;07c;28
01.10.2022;Realschule;Mitte;161974;Luisenschule;07D;28
01.10.2022;Realschule;Mitte;161974;Luisenschule;08a;28
01.10.2022;Realschule;Mitte;161974;Luisenschule;08b;27
01.10.2022;Realschule;Mitte;161974;Luisenschule;08c;28
01.10.2022;Realschule;Mitte;161974;Luisenschule;08D;26
01.10.2022;Realschule;Mitte;161974;Luisenschule;08E;28
01.10.2022;Realschule;Mitte;161974;Luisenschule;09a;28
01.10.2022;Realschule;Mitte;161974;Luisenschule;09b;27
01.10.2022;Realschule;Mitte;161974;Luisenschule;09c;29
01.10.2022;Realschule;Mitte;161974;Luisenschule;09D;28
01.10.2022;Realschule;Mitte;161974;Luisenschule;09E;28
01.10.2022;Realschule;Mitte;161974;Luisenschule;10A;29
01.10.2022;Realschule;Mitte;161974;Luisenschule;10B;29
01.10.2022;Realschule;Mitte;161974;Luisenschule;10C;25
01.10.2022;Realschule;Mitte;161974;Luisenschule;10d;29
01.10.2022;Realschule;Mitte;161974;Luisenschule;10E;29
01.10.2022;Realschule;Mitte;161974;Luisenschule;IK1;13
01.10.2022;Realschule;Mitte;161974;Luisenschule;IK2;15
01.10.2022;Realschule;Mitte;161974;Luisenschule;IK3;15
01.10.2022;Realschule;Mitte;161974;Luisenschule;IK4;12
01.10.2022;Realschule;Mitte;161986;Bosseschule;05a;26
01.10.2022;Realschule;Mitte;161986;Bosseschule;05b;30
01.10.2022;Realschule;Mitte;161986;Bosseschule;06a;26
01.10.2022;Realschule;Mitte;161986;Bosseschule;06b;26
01.10.2022;Realschule;Mitte;161986;Bosseschule;07a;28
01.10.2022;Realschule;Mitte;161986;Bosseschule;07b;30
01.10.2022;Realschule;Mitte;161986;Bosseschule;08a;25
01.10.2022;Realschule;Mitte;161986;Bosseschule;08b;24
01.10.2022;Realschule;Mitte;161986;Bosseschule;09a;27
01.10.2022;Realschule;Mitte;161986;Bosseschule;09b;28
01.10.2022;Realschule;Mitte;161986;Bosseschule;09c;25
01.10.2022;Realschule;Mitte;161986;Bosseschule;10A;26
01.10.2022;Realschule;Mitte;161986;Bosseschule;10B;26
01.10.2022;Realschule;Mitte;161986;Bosseschule;10C;25
01.10.2022;Realschule;Mitte;161998;Gertrud_Bäumer_Schule;050AV;21
01.10.2022;Realschule;Mitte;161998;Gertrud_Bäumer_Schule;05a;25
01.10.2022;Realschule;Mitte;161998;Gertrud_Bäumer_Schule;05b;30
01.10.2022;Realschule;Mitte;161998;Gertrud_Bäumer_Schule;05c;28
01.10.2022;Realschule;Mitte;161998;Gertrud_Bäumer_Schule;06a;29
01.10.2022;Realschule;Mitte;161998;Gertrud_Bäumer_Schule;06b;28
01.10.2022;Realschule;Mitte;161998;Gertrud_Bäumer_Schule;06c;30
01.10.2022;Realschule;Mitte;161998;Gertrud_Bäumer_Schule;07a;30
01.10.2022;Realschule;Mitte;161998;Gertrud_Bäumer_Schule;07b;29
01.10.2022;Realschule;Mitte;161998;Gertrud_Bäumer_Schule;07c;25
01.10.2022;Realschule;Mitte;161998;Gertrud_Bäumer_Schule;07D;27
01.10.2022;Realschule;Mitte;161998;Gertrud_Bäumer_Schule;08a;30
01.10.2022;Realschule;Mitte;161998;Gertrud_Bäumer_Schule;08b;31
01.10.2022;Realschule;Mitte;161998;Gertrud_Bäumer_Schule;08c;30
01.10.2022;Realschule;Mitte;161998;Gertrud_Bäumer_Schule;09a;29
01.10.2022;Realschule;Mitte;161998;Gertrud_Bäumer_Schule;09b;25
01.10.2022;Realschule;Mitte;161998;Gertrud_Bäumer_Schule;09c;31
01.10.2022;Realschule;Mitte;161998;Gertrud_Bäumer_Schule;10A;28
01.10.2022;Realschule;Mitte;161998;Gertrud_Bäumer_Schule;10B;28
01.10.2022;Realschule;Mitte;161998;Gertrud_Bäumer_Schule;10C;27
01.10.2022;Realschule;Mitte;161998;Gertrud_Bäumer_Schule;10d;28
01.10.2022;Realschule;Mitte;162000;Kuhloschule;10A;27
01.10.2022;Realschule;Mitte;162000;Kuhloschule;10B;27
01.10.2022;Realschule;Mitte;162000;Kuhloschule;10C;30
01.10.2022;Realschule;Mitte;162000;Kuhloschule;IK;12
01.10.2022;Realschule;Brackwede;162012;Realschule_Brackwede;05a;21
01.10.2022;Realschule;Brackwede;162012;Realschule_Brackwede;05b;22
01.10.2022;Realschule;Brackwede;162012;Realschule_Brackwede;05c;19
01.10.2022;Realschule;Brackwede;162012;Realschule_Brackwede;06a;20
01.10.2022;Realschule;Brackwede;162012;Realschule_Brackwede;06b;21
01.10.2022;Realschule;Brackwede;162012;Realschule_Brackwede;06c;20
01.10.2022;Realschule;Brackwede;162012;Realschule_Brackwede;06d;18
01.10.2022;Realschule;Brackwede;162012;Realschule_Brackwede;07a;25
01.10.2022;Realschule;Brackwede;162012;Realschule_Brackwede;07b;23
01.10.2022;Realschule;Brackwede;162012;Realschule_Brackwede;07c;24
01.10.2022;Realschule;Brackwede;162012;Realschule_Brackwede;07D;20
01.10.2022;Realschule;Brackwede;162012;Realschule_Brackwede;08a;29
01.10.2022;Realschule;Brackwede;162012;Realschule_Brackwede;08b;26
01.10.2022;Realschule;Brackwede;162012;Realschule_Brackwede;08c;28
01.10.2022;Realschule;Brackwede;162012;Realschule_Brackwede;08D;27
01.10.2022;Realschule;Brackwede;162012;Realschule_Brackwede;09a;27
01.10.2022;Realschule;Brackwede;162012;Realschule_Brackwede;09b;28
01.10.2022;Realschule;Brackwede;162012;Realschule_Brackwede;09c;26
01.10.2022;Realschule;Brackwede;162012;Realschule_Brackwede;09D;26
01.10.2022;Realschule;Brackwede;162012;Realschule_Brackwede;09E;19
01.10.2022;Realschule;Brackwede;162012;Realschule_Brackwede;10A;29
01.10.2022;Realschule;Brackwede;162012;Realschule_Brackwede;10B;31
01.10.2022;Realschule;Brackwede;162012;Realschule_Brackwede;10C;29
01.10.2022;Realschule;Brackwede;162012;Realschule_Brackwede;10d;29
01.10.2022;Realschule;Brackwede;162012;Realschule_Brackwede;International 1;18
01.10.2022;Realschule;Brackwede;162012;Realschule_Brackwede;International 2;14
01.10.2022;Realschule;Brackwede;162012;Realschule_Brackwede;International 3;19
01.10.2022;Realschule;Brackwede;162012;Realschule_Brackwede;International 4;12
01.10.2022;Realschule;Brackwede;162012;Realschule_Brackwede;International 5;11
01.10.2022;Realschule;Brackwede;162012;Realschule_Brackwede;International 6;13
01.10.2022;Realschule;Senne;162024;Realschule Senne;05a;22
01.10.2022;Realschule;Senne;162024;Realschule Senne;05b;24
01.10.2022;Realschule;Senne;162024;Realschule Senne;05c;23
01.10.2022;Realschule;Senne;162024;Realschule Senne;06a;28
01.10.2022;Realschule;Senne;162024;Realschule Senne;06b;25
01.10.2022;Realschule;Senne;162024;Realschule Senne;06c;26
01.10.2022;Realschule;Senne;162024;Realschule Senne;07a;23
01.10.2022;Realschule;Senne;162024;Realschule Senne;07b;26
01.10.2022;Realschule;Senne;162024;Realschule Senne;07c;23
01.10.2022;Realschule;Senne;162024;Realschule Senne;07D;22
01.10.2022;Realschule;Senne;162024;Realschule Senne;08a;27
01.10.2022;Realschule;Senne;162024;Realschule Senne;08b;25
01.10.2022;Realschule;Senne;162024;Realschule Senne;08c;27
01.10.2022;Realschule;Senne;162024;Realschule Senne;08D;25
01.10.2022;Realschule;Senne;162024;Realschule Senne;09a;24
01.10.2022;Realschule;Senne;162024;Realschule Senne;09b;25
01.10.2022;Realschule;Senne;162024;Realschule Senne;09c;27
01.10.2022;Realschule;Senne;162024;Realschule Senne;09D;26
01.10.2022;Realschule;Senne;162024;Realschule Senne;10A;26
01.10.2022;Realschule;Senne;162024;Realschule Senne;10B;27
01.10.2022;Realschule;Senne;162024;Realschule Senne;10C;27
01.10.2022;Realschule;Senne;162024;Realschule Senne;10d;28
01.10.2022;Realschule;Sennestadt;162036;Theodor_Heuss_Schule;01Int;22
01.10.2022;Realschule;Sennestadt;162036;Theodor_Heuss_Schule;02Int;13
01.10.2022;Realschule;Sennestadt;162036;Theodor_Heuss_Schule;05a;25
01.10.2022;Realschule;Sennestadt;162036;Theodor_Heuss_Schule;05b;25
01.10.2022;Realschule;Sennestadt;162036;Theodor_Heuss_Schule;05c;25
01.10.2022;Realschule;Sennestadt;162036;Theodor_Heuss_Schule;05d;27
01.10.2022;Realschule;Sennestadt;162036;Theodor_Heuss_Schule;05E;28
01.10.2022;Realschule;Sennestadt;162036;Theodor_Heuss_Schule;06a;29
01.10.2022;Realschule;Sennestadt;162036;Theodor_Heuss_Schule;06b;28
01.10.2022;Realschule;Sennestadt;162036;Theodor_Heuss_Schule;06c;27
01.10.2022;Realschule;Sennestadt;162036;Theodor_Heuss_Schule;06d;30
01.10.2022;Realschule;Sennestadt;162036;Theodor_Heuss_Schule;06E;28
01.10.2022;Realschule;Sennestadt;162036;Theodor_Heuss_Schule;07a;28
01.10.2022;Realschule;Sennestadt;162036;Theodor_Heuss_Schule;07b;28
01.10.2022;Realschule;Sennestadt;162036;Theodor_Heuss_Schule;07c;23
01.10.2022;Realschule;Sennestadt;162036;Theodor_Heuss_Schule;07D;27
01.10.2022;Realschule;Sennestadt;162036;Theodor_Heuss_Schule;07e;29
01.10.2022;Realschule;Sennestadt;162036;Theodor_Heuss_Schule;08a;27
01.10.2022;Realschule;Sennestadt;162036;Theodor_Heuss_Schule;08b;25
01.10.2022;Realschule;Sennestadt;162036;Theodor_Heuss_Schule;08c;26
01.10.2022;Realschule;Sennestadt;162036;Theodor_Heuss_Schule;08D;27
01.10.2022;Realschule;Sennestadt;162036;Theodor_Heuss_Schule;08E;26
01.10.2022;Realschule;Sennestadt;162036;Theodor_Heuss_Schule;09a;26
01.10.2022;Realschule;Sennestadt;162036;Theodor_Heuss_Schule;09b;25
01.10.2022;Realschule;Sennestadt;162036;Theodor_Heuss_Schule;09c;22
01.10.2022;Realschule;Sennestadt;162036;Theodor_Heuss_Schule;09D;27
01.10.2022;Realschule;Sennestadt;162036;Theodor_Heuss_Schule;09E;26
01.10.2022;Realschule;Sennestadt;162036;Theodor_Heuss_Schule;10A;26
01.10.2022;Realschule;Sennestadt;162036;Theodor_Heuss_Schule;10B;23
01.10.2022;Realschule;Sennestadt;162036;Theodor_Heuss_Schule;10d;29
01.10.2022;Realschule;Sennestadt;162036;Theodor_Heuss_Schule;10E;27
01.10.2022;Realschule;Sennestadt;162036;Theodor_Heuss_Schule;10f;23
01.10.2022;Realschule;Heepen;162048;Realschule Heepen;05a;30
01.10.2022;Realschule;Heepen;162048;Realschule Heepen;05b;30
01.10.2022;Realschule;Heepen;162048;Realschule Heepen;05c;24
01.10.2022;Realschule;Heepen;162048;Realschule Heepen;05d;23
01.10.2022;Realschule;Heepen;162048;Realschule Heepen;06a;24
01.10.2022;Realschule;Heepen;162048;Realschule Heepen;06b;24
01.10.2022;Realschule;Heepen;162048;Realschule Heepen;06c;30
01.10.2022;Realschule;Heepen;162048;Realschule Heepen;06d;30
01.10.2022;Realschule;Heepen;162048;Realschule Heepen;07a;30
01.10.2022;Realschule;Heepen;162048;Realschule Heepen;07b;26
01.10.2022;Realschule;Heepen;162048;Realschule Heepen;07c;26
01.10.2022;Realschule;Heepen;162048;Realschule Heepen;07D;31
01.10.2022;Realschule;Heepen;162048;Realschule Heepen;08a;29
01.10.2022;Realschule;Heepen;162048;Realschule Heepen;08b;29
01.10.2022;Realschule;Heepen;162048;Realschule Heepen;08c;24
01.10.2022;Realschule;Heepen;162048;Realschule Heepen;08D;29
01.10.2022;Realschule;Heepen;162048;Realschule Heepen;08E;26
01.10.2022;Realschule;Heepen;162048;Realschule Heepen;09a;30
01.10.2022;Realschule;Heepen;162048;Realschule Heepen;09b;24
01.10.2022;Realschule;Heepen;162048;Realschule Heepen;09c;28
01.10.2022;Realschule;Heepen;162048;Realschule Heepen;09D;30
01.10.2022;Realschule;Heepen;162048;Realschule Heepen;10A;28
01.10.2022;Realschule;Heepen;162048;Realschule Heepen;10B;28
01.10.2022;Realschule;Heepen;162048;Realschule Heepen;10C;23
01.10.2022;Realschule;Heepen;162048;Realschule Heepen;10d;29
01.10.2022;Realschule;Heepen;162048;Realschule Heepen;IKB;16
01.10.2022;Realschule;Heepen;162048;Realschule Heepen;WK;18
01.10.2022;Realschule;Joellenbeck;162050;Realschule_Joellenbeck;05a;28
01.10.2022;Realschule;Joellenbeck;162050;Realschule_Joellenbeck;05b;25
01.10.2022;Realschule;Joellenbeck;162050;Realschule_Joellenbeck;05c;28
01.10.2022;Realschule;Joellenbeck;162050;Realschule_Joellenbeck;05d;28
01.10.2022;Realschule;Joellenbeck;162050;Realschule_Joellenbeck;06a;27
01.10.2022;Realschule;Joellenbeck;162050;Realschule_Joellenbeck;06b;27
01.10.2022;Realschule;Joellenbeck;162050;Realschule_Joellenbeck;06c;24
01.10.2022;Realschule;Joellenbeck;162050;Realschule_Joellenbeck;06d;27
01.10.2022;Realschule;Joellenbeck;162050;Realschule_Joellenbeck;06I;19
01.10.2022;Realschule;Joellenbeck;162050;Realschule_Joellenbeck;07a;25
01.10.2022;Realschule;Joellenbeck;162050;Realschule_Joellenbeck;07b;29
01.10.2022;Realschule;Joellenbeck;162050;Realschule_Joellenbeck;07c;28
01.10.2022;Realschule;Joellenbeck;162050;Realschule_Joellenbeck;07D;23
01.10.2022;Realschule;Joellenbeck;162050;Realschule_Joellenbeck;08a;30
01.10.2022;Realschule;Joellenbeck;162050;Realschule_Joellenbeck;08b;29
01.10.2022;Realschule;Joellenbeck;162050;Realschule_Joellenbeck;08c;30
01.10.2022;Realschule;Joellenbeck;162050;Realschule_Joellenbeck;08D;28
01.10.2022;Realschule;Joellenbeck;162050;Realschule_Joellenbeck;09a;29
01.10.2022;Realschule;Joellenbeck;162050;Realschule_Joellenbeck;09b;29
01.10.2022;Realschule;Joellenbeck;162050;Realschule_Joellenbeck;09c;27
01.10.2022;Realschule;Joellenbeck;162050;Realschule_Joellenbeck;09D;31
01.10.2022;Realschule;Joellenbeck;162050;Realschule_Joellenbeck;10A;23
01.10.2022;Realschule;Joellenbeck;162050;Realschule_Joellenbeck;10B;22
01.10.2022;Realschule;Joellenbeck;162050;Realschule_Joellenbeck;10C;23
01.10.2022;Realschule;Joellenbeck;162050;Realschule_Joellenbeck;10d;26
01.10.2022;Realschule;Joellenbeck;162050;Realschule_Joellenbeck;10E;23
01.10.2022;Gesamtschule;Schildesche;164203;Martin_Niemoeller_Gesamtschule;05a;29
01.10.2022;Gesamtschule;Schildesche;164203;Martin_Niemoeller_Gesamtschule;05b;26
01.10.2022;Gesamtschule;Schildesche;164203;Martin_Niemoeller_Gesamtschule;05c;27
01.10.2022;Gesamtschule;Schildesche;164203;Martin_Niemoeller_Gesamtschule;05d;25
01.10.2022;Gesamtschule;Schildesche;164203;Martin_Niemoeller_Gesamtschule;05E;26
01.10.2022;Gesamtschule;Schildesche;164203;Martin_Niemoeller_Gesamtschule;05F;26
01.10.2022;Gesamtschule;Schildesche;164203;Martin_Niemoeller_Gesamtschule;06a;23
01.10.2022;Gesamtschule;Schildesche;164203;Martin_Niemoeller_Gesamtschule;06b;25
01.10.2022;Gesamtschule;Schildesche;164203;Martin_Niemoeller_Gesamtschule;06c;23
01.10.2022;Gesamtschule;Schildesche;164203;Martin_Niemoeller_Gesamtschule;06d;21
01.10.2022;Gesamtschule;Schildesche;164203;Martin_Niemoeller_Gesamtschule;06E;24
01.10.2022;Gesamtschule;Schildesche;164203;Martin_Niemoeller_Gesamtschule;06F;20
01.10.2022;Gesamtschule;Schildesche;164203;Martin_Niemoeller_Gesamtschule;07a;27
01.10.2022;Gesamtschule;Schildesche;164203;Martin_Niemoeller_Gesamtschule;07b;27
01.10.2022;Gesamtschule;Schildesche;164203;Martin_Niemoeller_Gesamtschule;07c;26
01.10.2022;Gesamtschule;Schildesche;164203;Martin_Niemoeller_Gesamtschule;07D;28
01.10.2022;Gesamtschule;Schildesche;164203;Martin_Niemoeller_Gesamtschule;07e;29
01.10.2022;Gesamtschule;Schildesche;164203;Martin_Niemoeller_Gesamtschule;07F;26
01.10.2022;Gesamtschule;Schildesche;164203;Martin_Niemoeller_Gesamtschule;08a;27
01.10.2022;Gesamtschule;Schildesche;164203;Martin_Niemoeller_Gesamtschule;08b;29
01.10.2022;Gesamtschule;Schildesche;164203;Martin_Niemoeller_Gesamtschule;08c;28
01.10.2022;Gesamtschule;Schildesche;164203;Martin_Niemoeller_Gesamtschule;08D;24
01.10.2022;Gesamtschule;Schildesche;164203;Martin_Niemoeller_Gesamtschule;08E;30
01.10.2022;Gesamtschule;Schildesche;164203;Martin_Niemoeller_Gesamtschule;08F;24
01.10.2022;Gesamtschule;Schildesche;164203;Martin_Niemoeller_Gesamtschule;09a;30
01.10.2022;Gesamtschule;Schildesche;164203;Martin_Niemoeller_Gesamtschule;09b;28
01.10.2022;Gesamtschule;Schildesche;164203;Martin_Niemoeller_Gesamtschule;09c;29
01.10.2022;Gesamtschule;Schildesche;164203;Martin_Niemoeller_Gesamtschule;09D;30
01.10.2022;Gesamtschule;Schildesche;164203;Martin_Niemoeller_Gesamtschule;09E;30
01.10.2022;Gesamtschule;Schildesche;164203;Martin_Niemoeller_Gesamtschule;09F;29
01.10.2022;Gesamtschule;Schildesche;164203;Martin_Niemoeller_Gesamtschule;09G;32
01.10.2022;Gesamtschule;Schildesche;164203;Martin_Niemoeller_Gesamtschule;09H;30
01.10.2022;Gesamtschule;Schildesche;164203;Martin_Niemoeller_Gesamtschule;10A;28
01.10.2022;Gesamtschule;Schildesche;164203;Martin_Niemoeller_Gesamtschule;10B;30
01.10.2022;Gesamtschule;Schildesche;164203;Martin_Niemoeller_Gesamtschule;10C;29
01.10.2022;Gesamtschule;Schildesche;164203;Martin_Niemoeller_Gesamtschule;10d;26
01.10.2022;Gesamtschule;Schildesche;164203;Martin_Niemoeller_Gesamtschule;10E;28
01.10.2022;Gesamtschule;Schildesche;164203;Martin_Niemoeller_Gesamtschule;10f;26
01.10.2022;Gesamtschule;Schildesche;164203;Martin_Niemoeller_Gesamtschule;10G;28
01.10.2022;Gesamtschule;Schildesche;164203;Martin_Niemoeller_Gesamtschule;10H;26
01.10.2022;Gesamtschule;Schildesche;164203;Martin_Niemoeller_Gesamtschule;EF;110
01.10.2022;Gesamtschule;Schildesche;164203;Martin_Niemoeller_Gesamtschule;IK4;7
01.10.2022;Gesamtschule;Schildesche;164203;Martin_Niemoeller_Gesamtschule;Q1;96
01.10.2022;Gesamtschule;Schildesche;164203;Martin_Niemoeller_Gesamtschule;Q2;96
01.10.2022;Gymnasium;Mitte;168520;Cecilien_Gymnasium;XX;X
01.10.2022;Gymnasium;Mitte;168520;Cecilien_Gymnasium;EFA;25
01.10.2022;Gymnasium;Mitte;168520;Cecilien_Gymnasium;EFB;26
01.10.2022;Gymnasium;Mitte;168520;Cecilien_Gymnasium;EFC;25
01.10.2022;Gymnasium;Mitte;168520;Cecilien_Gymnasium;EFD;25
01.10.2022;Gymnasium;Mitte;168520;Cecilien_Gymnasium;EFE;31
01.10.2022;Gymnasium;Mitte;168520;Cecilien_Gymnasium;IK 1;14
01.10.2022;Gymnasium;Mitte;168520;Cecilien_Gymnasium;IK 2;14
01.10.2022;Gymnasium;Mitte;168520;Cecilien_Gymnasium;K05a;30
01.10.2022;Gymnasium;Mitte;168520;Cecilien_Gymnasium;K05b;31
01.10.2022;Gymnasium;Mitte;168520;Cecilien_Gymnasium;K05c;31
01.10.2022;Gymnasium;Mitte;168520;Cecilien_Gymnasium;K05d;31
01.10.2022;Gymnasium;Mitte;168520;Cecilien_Gymnasium;K06a;29
01.10.2022;Gymnasium;Mitte;168520;Cecilien_Gymnasium;K06b;31
01.10.2022;Gymnasium;Mitte;168520;Cecilien_Gymnasium;K06c;29
01.10.2022;Gymnasium;Mitte;168520;Cecilien_Gymnasium;K06d;31
01.10.2022;Gymnasium;Mitte;168520;Cecilien_Gymnasium;K07a;28
01.10.2022;Gymnasium;Mitte;168520;Cecilien_Gymnasium;K07b;29
01.10.2022;Gymnasium;Mitte;168520;Cecilien_Gymnasium;K07c;32
01.10.2022;Gymnasium;Mitte;168520;Cecilien_Gymnasium;K07d;28
01.10.2022;Gymnasium;Mitte;168520;Cecilien_Gymnasium;K08a;30
01.10.2022;Gymnasium;Mitte;168520;Cecilien_Gymnasium;K08b;29
01.10.2022;Gymnasium;Mitte;168520;Cecilien_Gymnasium;K08c;29
01.10.2022;Gymnasium;Mitte;168520;Cecilien_Gymnasium;K08d;29
01.10.2022;Gymnasium;Mitte;168520;Cecilien_Gymnasium;K08e;30
01.10.2022;Gymnasium;Mitte;168520;Cecilien_Gymnasium;K09a;27
01.10.2022;Gymnasium;Mitte;168520;Cecilien_Gymnasium;K09b;27
01.10.2022;Gymnasium;Mitte;168520;Cecilien_Gymnasium;K09c;23
01.10.2022;Gymnasium;Mitte;168520;Cecilien_Gymnasium;K09d;27
01.10.2022;Gymnasium;Mitte;168520;Cecilien_Gymnasium;Q1;128
01.10.2022;Gymnasium;Mitte;168520;Cecilien_Gymnasium;Q2;104
01.10.2022;Gymnasium;Mitte;168531;Ratsgymnasium;II;86
01.10.2022;Gymnasium;Mitte;168531;Ratsgymnasium;IVa;30
01.10.2022;Gymnasium;Mitte;168531;Ratsgymnasium;IVb;32
01.10.2022;Gymnasium;Mitte;168531;Ratsgymnasium;IVc;30
01.10.2022;Gymnasium;Mitte;168531;Ratsgymnasium;OI;103
01.10.2022;Gymnasium;Mitte;168531;Ratsgymnasium;OIIIa;29
01.10.2022;Gymnasium;Mitte;168531;Ratsgymnasium;OIIIb;29
01.10.2022;Gymnasium;Mitte;168531;Ratsgymnasium;OIIIc;28
01.10.2022;Gymnasium;Mitte;168531;Ratsgymnasium;UI;101
01.10.2022;Gymnasium;Mitte;168531;Ratsgymnasium;UIIIa;29
01.10.2022;Gymnasium;Mitte;168531;Ratsgymnasium;UIIIb;29
01.10.2022;Gymnasium;Mitte;168531;Ratsgymnasium;UIIIc;29
01.10.2022;Gymnasium;Mitte;168531;Ratsgymnasium;Va;29
01.10.2022;Gymnasium;Mitte;168531;Ratsgymnasium;Vb;30
01.10.2022;Gymnasium;Mitte;168531;Ratsgymnasium;Vc;31
01.10.2022;Gymnasium;Mitte;168531;Ratsgymnasium;VIa;30
01.10.2022;Gymnasium;Mitte;168531;Ratsgymnasium;VIb;29
01.10.2022;Gymnasium;Mitte;168531;Ratsgymnasium;VIc;30
01.10.2022;Gymnasium;Mitte;168531;Ratsgymnasium;VId;30
01.10.2022;Gymnasium;Mitte;168543;Helmholtz_Gymnasium;05a;30
01.10.2022;Gymnasium;Mitte;168543;Helmholtz_Gymnasium;05b;29
01.10.2022;Gymnasium;Mitte;168543;Helmholtz_Gymnasium;05c;30
01.10.2022;Gymnasium;Mitte;168543;Helmholtz_Gymnasium;05d;30
01.10.2022;Gymnasium;Mitte;168543;Helmholtz_Gymnasium;06a;27
01.10.2022;Gymnasium;Mitte;168543;Helmholtz_Gymnasium;06b;31
01.10.2022;Gymnasium;Mitte;168543;Helmholtz_Gymnasium;06c;30
01.10.2022;Gymnasium;Mitte;168543;Helmholtz_Gymnasium;06d;29
01.10.2022;Gymnasium;Mitte;168543;Helmholtz_Gymnasium;06E;29
01.10.2022;Gymnasium;Mitte;168543;Helmholtz_Gymnasium;07a;30
01.10.2022;Gymnasium;Mitte;168543;Helmholtz_Gymnasium;07b;29
01.10.2022;Gymnasium;Mitte;168543;Helmholtz_Gymnasium;07c;30
01.10.2022;Gymnasium;Mitte;168543;Helmholtz_Gymnasium;07D;29
01.10.2022;Gymnasium;Mitte;168543;Helmholtz_Gymnasium;08a;29
01.10.2022;Gymnasium;Mitte;168543;Helmholtz_Gymnasium;08b;29
01.10.2022;Gymnasium;Mitte;168543;Helmholtz_Gymnasium;08c;27
01.10.2022;Gymnasium;Mitte;168543;Helmholtz_Gymnasium;08D;26
01.10.2022;Gymnasium;Mitte;168543;Helmholtz_Gymnasium;09a;28
01.10.2022;Gymnasium;Mitte;168543;Helmholtz_Gymnasium;09b;29
01.10.2022;Gymnasium;Mitte;168543;Helmholtz_Gymnasium;09c;25
01.10.2022;Gymnasium;Mitte;168543;Helmholtz_Gymnasium;09D;25
01.10.2022;Gymnasium;Mitte;168543;Helmholtz_Gymnasium;EFA;28
01.10.2022;Gymnasium;Mitte;168543;Helmholtz_Gymnasium;EFB;30
01.10.2022;Gymnasium;Mitte;168543;Helmholtz_Gymnasium;EFC;29
01.10.2022;Gymnasium;Mitte;168543;Helmholtz_Gymnasium;EFD;28
01.10.2022;Gymnasium;Mitte;168543;Helmholtz_Gymnasium;EFE;27
01.10.2022;Gymnasium;Mitte;168543;Helmholtz_Gymnasium;IntKl1;22
01.10.2022;Gymnasium;Mitte;168543;Helmholtz_Gymnasium;Q1;140
01.10.2022;Gymnasium;Mitte;168543;Helmholtz_Gymnasium;Q2;126
01.10.2022;Gymnasium;Mitte;168555;Gymnasium_Am_Waldhof;05a;31
01.10.2022;Gymnasium;Mitte;168555;Gymnasium_Am_Waldhof;05b;31
01.10.2022;Gymnasium;Mitte;168555;Gymnasium_Am_Waldhof;05c;30
01.10.2022;Gymnasium;Mitte;168555;Gymnasium_Am_Waldhof;05d;29
01.10.2022;Gymnasium;Mitte;168555;Gymnasium_Am_Waldhof;06a;31
01.10.2022;Gymnasium;Mitte;168555;Gymnasium_Am_Waldhof;06b;30
01.10.2022;Gymnasium;Mitte;168555;Gymnasium_Am_Waldhof;06c;29
01.10.2022;Gymnasium;Mitte;168555;Gymnasium_Am_Waldhof;06d;31
01.10.2022;Gymnasium;Mitte;168555;Gymnasium_Am_Waldhof;07a;31
01.10.2022;Gymnasium;Mitte;168555;Gymnasium_Am_Waldhof;07b;29
01.10.2022;Gymnasium;Mitte;168555;Gymnasium_Am_Waldhof;07c;29
01.10.2022;Gymnasium;Mitte;168555;Gymnasium_Am_Waldhof;07D;32
01.10.2022;Gymnasium;Mitte;168555;Gymnasium_Am_Waldhof;08a;25
01.10.2022;Gymnasium;Mitte;168555;Gymnasium_Am_Waldhof;08b;26
01.10.2022;Gymnasium;Mitte;168555;Gymnasium_Am_Waldhof;08c;22
01.10.2022;Gymnasium;Mitte;168555;Gymnasium_Am_Waldhof;08D;28
01.10.2022;Gymnasium;Mitte;168555;Gymnasium_Am_Waldhof;09a;28
01.10.2022;Gymnasium;Mitte;168555;Gymnasium_Am_Waldhof;09b;28
01.10.2022;Gymnasium;Mitte;168555;Gymnasium_Am_Waldhof;09c;31
01.10.2022;Gymnasium;Mitte;168555;Gymnasium_Am_Waldhof;09D;27
01.10.2022;Gymnasium;Mitte;168555;Gymnasium_Am_Waldhof;EF;119
01.10.2022;Gymnasium;Mitte;168555;Gymnasium_Am_Waldhof;IK;18
01.10.2022;Gymnasium;Mitte;168555;Gymnasium_Am_Waldhof;Q1;126
01.10.2022;Gymnasium;Mitte;168555;Gymnasium_Am_Waldhof;Q2;95
01.10.2022;Gymnasium;Mitte;168579;Max_Planck_Gymnasium;05a;26
01.10.2022;Gymnasium;Mitte;168579;Max_Planck_Gymnasium;05b;28
01.10.2022;Gymnasium;Mitte;168579;Max_Planck_Gymnasium;05c;26
01.10.2022;Gymnasium;Mitte;168579;Max_Planck_Gymnasium;05d;27
01.10.2022;Gymnasium;Mitte;168579;Max_Planck_Gymnasium;06a;28
01.10.2022;Gymnasium;Mitte;168579;Max_Planck_Gymnasium;06b;27
01.10.2022;Gymnasium;Mitte;168579;Max_Planck_Gymnasium;06c;27
01.10.2022;Gymnasium;Mitte;168579;Max_Planck_Gymnasium;06d;27
01.10.2022;Gymnasium;Mitte;168579;Max_Planck_Gymnasium;07a;27
01.10.2022;Gymnasium;Mitte;168579;Max_Planck_Gymnasium;07b;26
01.10.2022;Gymnasium;Mitte;168579;Max_Planck_Gymnasium;07c;27
01.10.2022;Gymnasium;Mitte;168579;Max_Planck_Gymnasium;07D;28
01.10.2022;Gymnasium;Mitte;168579;Max_Planck_Gymnasium;08a;24
01.10.2022;Gymnasium;Mitte;168579;Max_Planck_Gymnasium;08b;24
01.10.2022;Gymnasium;Mitte;168579;Max_Planck_Gymnasium;08c;25
01.10.2022;Gymnasium;Mitte;168579;Max_Planck_Gymnasium;08D;23
01.10.2022;Gymnasium;Mitte;168579;Max_Planck_Gymnasium;09a;28
01.10.2022;Gymnasium;Mitte;168579;Max_Planck_Gymnasium;09b;26
01.10.2022;Gymnasium;Mitte;168579;Max_Planck_Gymnasium;09c;27
01.10.2022;Gymnasium;Mitte;168579;Max_Planck_Gymnasium;09D;27
01.10.2022;Gymnasium;Mitte;168579;Max_Planck_Gymnasium;09E;27
01.10.2022;Gymnasium;Mitte;168579;Max_Planck_Gymnasium;EF;116
01.10.2022;Gymnasium;Mitte;168579;Max_Planck_Gymnasium;Q1;119
01.10.2022;Gymnasium;Mitte;168579;Max_Planck_Gymnasium;Q2;127
01.10.2022;Gymnasium;Brackwede;168580;Brackweder_Gymnasium;5a;25
01.10.2022;Gymnasium;Brackwede;168580;Brackweder_Gymnasium;5b;25
01.10.2022;Gymnasium;Brackwede;168580;Brackweder_Gymnasium;5c;25
01.10.2022;Gymnasium;Brackwede;168580;Brackweder_Gymnasium;6a;32
01.10.2022;Gymnasium;Brackwede;168580;Brackweder_Gymnasium;6b;32
01.10.2022;Gymnasium;Brackwede;168580;Brackweder_Gymnasium;6c;31
01.10.2022;Gymnasium;Brackwede;168580;Brackweder_Gymnasium;7a;26
01.10.2022;Gymnasium;Brackwede;168580;Brackweder_Gymnasium;7b;24
01.10.2022;Gymnasium;Brackwede;168580;Brackweder_Gymnasium;7c;27
01.10.2022;Gymnasium;Brackwede;168580;Brackweder_Gymnasium;7i;17
01.10.2022;Gymnasium;Brackwede;168580;Brackweder_Gymnasium;8a;32
01.10.2022;Gymnasium;Brackwede;168580;Brackweder_Gymnasium;8b;30
01.10.2022;Gymnasium;Brackwede;168580;Brackweder_Gymnasium;8c;30
01.10.2022;Gymnasium;Brackwede;168580;Brackweder_Gymnasium;9a;24
01.10.2022;Gymnasium;Brackwede;168580;Brackweder_Gymnasium;9b;28
01.10.2022;Gymnasium;Brackwede;168580;Brackweder_Gymnasium;9c;26
01.10.2022;Gymnasium;Brackwede;168580;Brackweder_Gymnasium;9d;28
01.10.2022;Gymnasium;Brackwede;168580;Brackweder_Gymnasium;EF;81
01.10.2022;Gymnasium;Brackwede;168580;Brackweder_Gymnasium;Q1;86
01.10.2022;Gymnasium;Brackwede;168580;Brackweder_Gymnasium;Q2;79
01.10.2022;Gymnasium;Brackwede;168580;Brackweder_Gymnasium;7k;8
01.10.2022;Gymnasium;Heepen;168622;Gymnasium_Heepen;05a;26
01.10.2022;Gymnasium;Heepen;168622;Gymnasium_Heepen;05b;27
01.10.2022;Gymnasium;Heepen;168622;Gymnasium_Heepen;05c;26
01.10.2022;Gymnasium;Heepen;168622;Gymnasium_Heepen;05d;26
01.10.2022;Gymnasium;Heepen;168622;Gymnasium_Heepen;05E;26
01.10.2022;Gymnasium;Heepen;168622;Gymnasium_Heepen;06a;25
01.10.2022;Gymnasium;Heepen;168622;Gymnasium_Heepen;06b;25
01.10.2022;Gymnasium;Heepen;168622;Gymnasium_Heepen;06c;28
01.10.2022;Gymnasium;Heepen;168622;Gymnasium_Heepen;06d;26
01.10.2022;Gymnasium;Heepen;168622;Gymnasium_Heepen;06E;26
01.10.2022;Gymnasium;Heepen;168622;Gymnasium_Heepen;07a;24
01.10.2022;Gymnasium;Heepen;168622;Gymnasium_Heepen;07b;29
01.10.2022;Gymnasium;Heepen;168622;Gymnasium_Heepen;07c;22
01.10.2022;Gymnasium;Heepen;168622;Gymnasium_Heepen;07D;24
01.10.2022;Gymnasium;Heepen;168622;Gymnasium_Heepen;07e;24
01.10.2022;Gymnasium;Heepen;168622;Gymnasium_Heepen;08a;27
01.10.2022;Gymnasium;Heepen;168622;Gymnasium_Heepen;08b;26
01.10.2022;Gymnasium;Heepen;168622;Gymnasium_Heepen;08c;24
01.10.2022;Gymnasium;Heepen;168622;Gymnasium_Heepen;08D;29
01.10.2022;Gymnasium;Heepen;168622;Gymnasium_Heepen;09a;28
01.10.2022;Gymnasium;Heepen;168622;Gymnasium_Heepen;09b;27
01.10.2022;Gymnasium;Heepen;168622;Gymnasium_Heepen;09c;20
01.10.2022;Gymnasium;Heepen;168622;Gymnasium_Heepen;09D;22
01.10.2022;Gymnasium;Heepen;168622;Gymnasium_Heepen;09E;21
01.10.2022;Gymnasium;Heepen;168622;Gymnasium_Heepen;ABC;10
01.10.2022;Gymnasium;Heepen;168622;Gymnasium_Heepen;EF;126
01.10.2022;Gymnasium;Heepen;168622;Gymnasium_Heepen;IK;12
01.10.2022;Gymnasium;Heepen;168622;Gymnasium_Heepen;Q1;128
01.10.2022;Gymnasium;Heepen;168622;Gymnasium_Heepen;Q2;93
01.10.2022;Grundschule;Schildesche;183313;Bueltmannshofschule;01A;22
01.10.2022;Grundschule;Schildesche;183313;Bueltmannshofschule;01B;21
01.10.2022;Grundschule;Schildesche;183313;Bueltmannshofschule;01C;21
01.10.2022;Grundschule;Schildesche;183313;Bueltmannshofschule;02A;22
01.10.2022;Grundschule;Schildesche;183313;Bueltmannshofschule;02B;21
01.10.2022;Grundschule;Schildesche;183313;Bueltmannshofschule;02C;21
01.10.2022;Grundschule;Schildesche;183313;Bueltmannshofschule;03A;24
01.10.2022;Grundschule;Schildesche;183313;Bueltmannshofschule;03B;23
01.10.2022;Grundschule;Schildesche;183313;Bueltmannshofschule;03C;22
01.10.2022;Grundschule;Schildesche;183313;Bueltmannshofschule;04A;22
01.10.2022;Grundschule;Schildesche;183313;Bueltmannshofschule;04B;23
01.10.2022;Grundschule;Schildesche;183313;Bueltmannshofschule;04C;24
01.10.2022;Foerderschule G/H;Brackwede;184810;Ganztagsschule_am_Loenkert;1;16
01.10.2022;Foerderschule G/H;Brackwede;184810;Ganztagsschule_am_Loenkert;2;14
01.10.2022;Foerderschule G/H;Brackwede;184810;Ganztagsschule_am_Loenkert;3;13
01.10.2022;Foerderschule G/H;Brackwede;184810;Ganztagsschule_am_Loenkert;4;13
01.10.2022;Foerderschule G/H;Dornberg;187896;Leineweberschule;JUA;13
01.10.2022;Foerderschule G/H;Dornberg;187896;Leineweberschule;JUB;13
01.10.2022;Foerderschule G/H;Dornberg;187896;Leineweberschule;JUC;12
01.10.2022;Foerderschule G/H;Dornberg;187896;Leineweberschule;JUD;15
01.10.2022;Foerderschule G/H;Dornberg;187896;Leineweberschule;JUE;15
01.10.2022;Foerderschule G/H;Dornberg;187896;Leineweberschule;JUF;15
01.10.2022;Foerderschule G/H;Dornberg;187896;Leineweberschule;JUG;15
01.10.2022;Foerderschule G/H;Dornberg;187896;Leineweberschule;JUH;16
01.10.2022;Foerderschule G/H;Dornberg;187896;Leineweberschule;JUI;16
01.10.2022;Foerderschule G/H;Dornberg;187896;Leineweberschule;JUK;16
01.10.2022;Gesamtschule;Stieghorst;188128;Friedrich_Wilhelm_Murnau_Gesamtschule;05a;28
01.10.2022;Gesamtschule;Stieghorst;188128;Friedrich_Wilhelm_Murnau_Gesamtschule;05b;28
01.10.2022;Gesamtschule;Stieghorst;188128;Friedrich_Wilhelm_Murnau_Gesamtschule;05c;28
01.10.2022;Gesamtschule;Stieghorst;188128;Friedrich_Wilhelm_Murnau_Gesamtschule;05d;28
01.10.2022;Gesamtschule;Stieghorst;188128;Friedrich_Wilhelm_Murnau_Gesamtschule;05E;28
01.10.2022;Gesamtschule;Stieghorst;188128;Friedrich_Wilhelm_Murnau_Gesamtschule;05F;28
01.10.2022;Gesamtschule;Stieghorst;188128;Friedrich_Wilhelm_Murnau_Gesamtschule;06a;27
01.10.2022;Gesamtschule;Stieghorst;188128;Friedrich_Wilhelm_Murnau_Gesamtschule;06b;26
01.10.2022;Gesamtschule;Stieghorst;188128;Friedrich_Wilhelm_Murnau_Gesamtschule;06c;28
01.10.2022;Gesamtschule;Stieghorst;188128;Friedrich_Wilhelm_Murnau_Gesamtschule;06d;27
01.10.2022;Gesamtschule;Stieghorst;188128;Friedrich_Wilhelm_Murnau_Gesamtschule;06E;27
01.10.2022;Gesamtschule;Stieghorst;188128;Friedrich_Wilhelm_Murnau_Gesamtschule;06F;28
01.10.2022;Gesamtschule;Stieghorst;188128;Friedrich_Wilhelm_Murnau_Gesamtschule;07a;27
01.10.2022;Gesamtschule;Stieghorst;188128;Friedrich_Wilhelm_Murnau_Gesamtschule;07b;28
01.10.2022;Gesamtschule;Stieghorst;188128;Friedrich_Wilhelm_Murnau_Gesamtschule;07c;26
01.10.2022;Gesamtschule;Stieghorst;188128;Friedrich_Wilhelm_Murnau_Gesamtschule;07D;29
01.10.2022;Gesamtschule;Stieghorst;188128;Friedrich_Wilhelm_Murnau_Gesamtschule;07e;27
01.10.2022;Gesamtschule;Stieghorst;188128;Friedrich_Wilhelm_Murnau_Gesamtschule;07F;28
01.10.2022;Gesamtschule;Stieghorst;188128;Friedrich_Wilhelm_Murnau_Gesamtschule;08a;25
01.10.2022;Gesamtschule;Stieghorst;188128;Friedrich_Wilhelm_Murnau_Gesamtschule;08b;29
01.10.2022;Gesamtschule;Stieghorst;188128;Friedrich_Wilhelm_Murnau_Gesamtschule;08c;27
01.10.2022;Gesamtschule;Stieghorst;188128;Friedrich_Wilhelm_Murnau_Gesamtschule;08D;29
01.10.2022;Gesamtschule;Stieghorst;188128;Friedrich_Wilhelm_Murnau_Gesamtschule;08E;25
01.10.2022;Gesamtschule;Stieghorst;188128;Friedrich_Wilhelm_Murnau_Gesamtschule;08F;29
01.10.2022;Gesamtschule;Stieghorst;188128;Friedrich_Wilhelm_Murnau_Gesamtschule;09a;26
01.10.2022;Gesamtschule;Stieghorst;188128;Friedrich_Wilhelm_Murnau_Gesamtschule;09b;27
01.10.2022;Gesamtschule;Stieghorst;188128;Friedrich_Wilhelm_Murnau_Gesamtschule;09c;31
01.10.2022;Gesamtschule;Stieghorst;188128;Friedrich_Wilhelm_Murnau_Gesamtschule;09D;31
01.10.2022;Gesamtschule;Stieghorst;188128;Friedrich_Wilhelm_Murnau_Gesamtschule;09E;31
01.10.2022;Gesamtschule;Stieghorst;188128;Friedrich_Wilhelm_Murnau_Gesamtschule;09F;31
01.10.2022;Gesamtschule;Stieghorst;188128;Friedrich_Wilhelm_Murnau_Gesamtschule;10A;23
01.10.2022;Gesamtschule;Stieghorst;188128;Friedrich_Wilhelm_Murnau_Gesamtschule;10B;22
01.10.2022;Gesamtschule;Stieghorst;188128;Friedrich_Wilhelm_Murnau_Gesamtschule;10C;28
01.10.2022;Gesamtschule;Stieghorst;188128;Friedrich_Wilhelm_Murnau_Gesamtschule;10d;29
01.10.2022;Gesamtschule;Stieghorst;188128;Friedrich_Wilhelm_Murnau_Gesamtschule;10E;28
01.10.2022;Gesamtschule;Stieghorst;188128;Friedrich_Wilhelm_Murnau_Gesamtschule;10f;29
01.10.2022;Gesamtschule;Stieghorst;188128;Friedrich_Wilhelm_Murnau_Gesamtschule;EF;92
01.10.2022;Gesamtschule;Stieghorst;188128;Friedrich_Wilhelm_Murnau_Gesamtschule;Q1;83
01.10.2022;Gesamtschule;Stieghorst;188128;Friedrich_Wilhelm_Murnau_Gesamtschule;Q2;88
01.10.2022;Gesamtschule;Brackwede;189996;Gesamtschule_Quelle;11;62
01.10.2022;Gesamtschule;Brackwede;189996;Gesamtschule_Quelle;12;82
01.10.2022;Gesamtschule;Brackwede;189996;Gesamtschule_Quelle;13;59
01.10.2022;Gesamtschule;Brackwede;189996;Gesamtschule_Quelle;05a;27
01.10.2022;Gesamtschule;Brackwede;189996;Gesamtschule_Quelle;05b;27
01.10.2022;Gesamtschule;Brackwede;189996;Gesamtschule_Quelle;05c;26
01.10.2022;Gesamtschule;Brackwede;189996;Gesamtschule_Quelle;05d;26
01.10.2022;Gesamtschule;Brackwede;189996;Gesamtschule_Quelle;05F - 09F;10
01.10.2022;Gesamtschule;Brackwede;189996;Gesamtschule_Quelle;06a;27
01.10.2022;Gesamtschule;Brackwede;189996;Gesamtschule_Quelle;06b;27
01.10.2022;Gesamtschule;Brackwede;189996;Gesamtschule_Quelle;06c;27
01.10.2022;Gesamtschule;Brackwede;189996;Gesamtschule_Quelle;06d;27
01.10.2022;Gesamtschule;Brackwede;189996;Gesamtschule_Quelle;07a;30
01.10.2022;Gesamtschule;Brackwede;189996;Gesamtschule_Quelle;07b;28
01.10.2022;Gesamtschule;Brackwede;189996;Gesamtschule_Quelle;07c;29
01.10.2022;Gesamtschule;Brackwede;189996;Gesamtschule_Quelle;07D;29
01.10.2022;Gesamtschule;Brackwede;189996;Gesamtschule_Quelle;07F;8
01.10.2022;Gesamtschule;Brackwede;189996;Gesamtschule_Quelle;08a;30
01.10.2022;Gesamtschule;Brackwede;189996;Gesamtschule_Quelle;08b;30
01.10.2022;Gesamtschule;Brackwede;189996;Gesamtschule_Quelle;08c;29
01.10.2022;Gesamtschule;Brackwede;189996;Gesamtschule_Quelle;08D;30
01.10.2022;Gesamtschule;Brackwede;189996;Gesamtschule_Quelle;09a;30
01.10.2022;Gesamtschule;Brackwede;189996;Gesamtschule_Quelle;09b;31
01.10.2022;Gesamtschule;Brackwede;189996;Gesamtschule_Quelle;09c;30
01.10.2022;Gesamtschule;Brackwede;189996;Gesamtschule_Quelle;09D;29
01.10.2022;Gesamtschule;Brackwede;189996;Gesamtschule_Quelle;10A;29
01.10.2022;Gesamtschule;Brackwede;189996;Gesamtschule_Quelle;10B;29
01.10.2022;Gesamtschule;Brackwede;189996;Gesamtschule_Quelle;10C;28
01.10.2022;Gesamtschule;Brackwede;189996;Gesamtschule_Quelle;10d;29
01.10.2022;Grundschule;Joellenbeck;193136;Grundschule_Am_Waldschloesschen;01A;29
01.10.2022;Grundschule;Joellenbeck;193136;Grundschule_Am_Waldschloesschen;01B;29
01.10.2022;Grundschule;Joellenbeck;193136;Grundschule_Am_Waldschloesschen;02A;29
01.10.2022;Grundschule;Joellenbeck;193136;Grundschule_Am_Waldschloesschen;02B;29
01.10.2022;Grundschule;Joellenbeck;193136;Grundschule_Am_Waldschloesschen;03A;27
01.10.2022;Grundschule;Joellenbeck;193136;Grundschule_Am_Waldschloesschen;03B;27
01.10.2022;Grundschule;Joellenbeck;193136;Grundschule_Am_Waldschloesschen;04A;28
01.10.2022;Grundschule;Joellenbeck;193136;Grundschule_Am_Waldschloesschen;04B;29
01.10.2022;Gesamtschule;Brackwede;193495;Gesamtschule_Rosenhoehe;05a;21
01.10.2022;Gesamtschule;Brackwede;193495;Gesamtschule_Rosenhoehe;05b;21
01.10.2022;Gesamtschule;Brackwede;193495;Gesamtschule_Rosenhoehe;05c;20
01.10.2022;Gesamtschule;Brackwede;193495;Gesamtschule_Rosenhoehe;05d;23
01.10.2022;Gesamtschule;Brackwede;193495;Gesamtschule_Rosenhoehe;06a;25
01.10.2022;Gesamtschule;Brackwede;193495;Gesamtschule_Rosenhoehe;06b;24
01.10.2022;Gesamtschule;Brackwede;193495;Gesamtschule_Rosenhoehe;06c;25
01.10.2022;Gesamtschule;Brackwede;193495;Gesamtschule_Rosenhoehe;06d;25
01.10.2022;Gesamtschule;Brackwede;193495;Gesamtschule_Rosenhoehe;07a;27
01.10.2022;Gesamtschule;Brackwede;193495;Gesamtschule_Rosenhoehe;07b;27
01.10.2022;Gesamtschule;Brackwede;193495;Gesamtschule_Rosenhoehe;07c;27
01.10.2022;Gesamtschule;Brackwede;193495;Gesamtschule_Rosenhoehe;07D;26
01.10.2022;Gesamtschule;Brackwede;193495;Gesamtschule_Rosenhoehe;08a;27
01.10.2022;Gesamtschule;Brackwede;193495;Gesamtschule_Rosenhoehe;08b;30
01.10.2022;Gesamtschule;Brackwede;193495;Gesamtschule_Rosenhoehe;08c;28
01.10.2022;Gesamtschule;Brackwede;193495;Gesamtschule_Rosenhoehe;08D;28
01.10.2022;Gesamtschule;Brackwede;193495;Gesamtschule_Rosenhoehe;09a;30
01.10.2022;Gesamtschule;Brackwede;193495;Gesamtschule_Rosenhoehe;09b;29
01.10.2022;Gesamtschule;Brackwede;193495;Gesamtschule_Rosenhoehe;09c;28
01.10.2022;Gesamtschule;Brackwede;193495;Gesamtschule_Rosenhoehe;09D;26
01.10.2022;Gesamtschule;Brackwede;193495;Gesamtschule_Rosenhoehe;10A;27
01.10.2022;Gesamtschule;Brackwede;193495;Gesamtschule_Rosenhoehe;10B;27
01.10.2022;Gesamtschule;Brackwede;193495;Gesamtschule_Rosenhoehe;10C;27
01.10.2022;Gesamtschule;Brackwede;193495;Gesamtschule_Rosenhoehe;10d;26
01.10.2022;Gesamtschule;Brackwede;193495;Gesamtschule_Rosenhoehe;EF;59
01.10.2022;Gesamtschule;Brackwede;193495;Gesamtschule_Rosenhoehe;Q1;84
01.10.2022;Gesamtschule;Brackwede;193495;Gesamtschule_Rosenhoehe;Q2;62
